asset_id,canonical_path,category,subcategory,asset_type,entity_name,direction,animation_state,frame,source_zip,source_path,sha256,status,notes,visual_master_status
A00001,,,,DOCUMENTATION,,,,,BRAMBLE_10_Asset_Kits.zip,BRAMBLE_10_Asset_Kits/ANIMATION_PREVIEW.html,cb363209a9a465da44c511606ccdaab51edb3e8408a29b03cf9884f034169564,skipped,,
A00002,,,,DOCUMENTATION,,,,,BRAMBLE_10_Asset_Kits.zip,BRAMBLE_10_Asset_Kits/KIT_INDEX.md,9675b1854bc8e9b9b7e96b39e67702264f3fcaf91c0815fbde4c908c83ae03ed,skipped,,
A00003,,,,DOCUMENTATION,,,,,BRAMBLE_21_29.zip,BRAMBLE_21_29/README.md,a269dbf250c816b4e46140b4bb7d25d59cd53a5cb98c5981b649bd16c9200dbf,skipped,,
A00004,,,,DOCUMENTATION,,,,,BRAMBLE_30_35.zip,BRAMBLE_30_35/README.md,30feee0a2a8757f9aac6358c4909961b2eff87fd8ef7cbb7f821297c90949d19,skipped,,
A00005,,,,DOCUMENTATION,,,,,BRAMBLE_36_37.zip,BRAMBLE_36_37/WORLD_CAMERA_SPEC.md,1b3fad3d8846d337616e24208588c55137f413a0d606c4d7f1901a6384f75be9,skipped,,
A00006,,,,DOCUMENTATION,,,,,BRAMBLE_38_43.zip,BRAMBLE_38_43/NEXT_KITS.md,991da527df7821d982191e9258d7d0b7f4b78ddf99f9e68977d673fba2823002,skipped,,
A00007,,,,DOCUMENTATION,,,,,BRAMBLE_38_43.zip,BRAMBLE_38_43/QA_SUMMARY.txt,f268e32575998cd18aa7f6ab8c525b53f0402c8857eedf5e1ecb6f524cd6cdfc,skipped,,
A00008,,,,DOCUMENTATION,,,,,BRAMBLE_38_43.zip,BRAMBLE_38_43/README.md,1e042fbb6a62cf5e77e2102b5a063dd173ebadb2a7ad168ddca0edfde0a56b54,skipped,,
A00009,,,,DOCUMENTATION,,,,,BRAMBLE_44_48.zip,BRAMBLE_44_48/README.md,3d81329d67b9c489e72b06d63663aa2dbced24019af3187213d732ca89e4a260,skipped,,
A00010,,,,DOCUMENTATION,,,,,BRAMBLE_49_53.zip,BRAMBLE_49_53/README.md,2cc2f6f67fefae5b61f5713a27e38be82bda523fb53eefe84aa4f4c9707ff645,skipped,,
A00011,,,,DOCUMENTATION,,,,,BRAMBLE_54_63.zip,BRAMBLE_54_63/README.md,a25510ece8b15dd286ed50d0c67dffe271c75aadc2099a48dd856fe95669853e,skipped,,
A00012,,,,DOCUMENTATION,,,,,BRAMBLE_ANIMATION_KITS_64_73.zip,BRAMBLE_64_73/README.md,6e4181e8fdf3503dd5876d92aa35ccbf73168dd4e664a295ecbe315218ef89dd,skipped,,
A00013,,,,DOCUMENTATION,,,,,BRAMBLE_KITS_74_83.zip,BRAMBLE_74_83/README.md,df5e8fe5d7158af774fc73a86b5b53aa881815cc7794f531c86b4aa19e6a8f4d,skipped,,
A00014,,,,DOCUMENTATION,,,,,BRAMBLE_KITS_84_93.zip,BRAMBLE_84_93/README.md,6d579308044a8c93268597b8e6c05f14fec6b95aa67f189a7f35917761ea60c0,skipped,,
A00015,,,,DOCUMENTATION,mobile_ui,,,,BRAMBLE_KITS_11_20.zip,BRAMBLE_KITS_11_20/20_mobile_ui/README.md,e23678c7e340341fbb4883278ba6cd9dc9abf6a408349b5dab552b9a2772019d,skipped,,
A00016,,,,DOCUMENTATION,mobile_ui,,,,BRAMBLE_KITS_11_20.zip,BRAMBLE_KITS_11_20/20_mobile_ui/components.css,ba4a1d009d53c3e3d142dcdeec8568882ad93788831ad245c125bc09042bb77b,skipped,,
A00017,,,,DOCUMENTATION,mobile_ui,,,,BRAMBLE_KITS_11_20.zip,BRAMBLE_KITS_11_20/20_mobile_ui/tokens.css,f5daf7da5acc37691d5c5f6aad3e7d15a86fbf47c59dfc71060b4959aaf5b03d,skipped,,
A00018,,,,DOCUMENTATION,,,,,BRAMBLE_KITS_11_20.zip,BRAMBLE_KITS_11_20/README.md,e727a34065a0a5ffa0c85f0e50a8ff1b1ae8771a55734f156e8f2023ed54b27d,skipped,,
A00019,,,,DOCUMENTATION,,,,,BRAMBLE_KITS_11_20.zip,BRAMBLE_KITS_11_20/preview/data.js,f42d9d7747798f40528683baff7308e94100c4af276d459e8fc3c6d5c4eb8e46,skipped,,
A00020,,,,DOCUMENTATION,,,,,BRAMBLE_KITS_11_20.zip,BRAMBLE_KITS_11_20/preview/index.html,6c1280e9896a132587490acaaebf590d0e8ff6ad6f17bdae265dd7e3474b14f7,skipped,,
A00021,,,,DOCUMENTATION,,,,,BRAMBLE_KITS_11_20.zip,BRAMBLE_KITS_11_20/preview/preview.css,8509d98e8da61dcffea8821995f96a6e04daeb48942dc7166c3f5aee0de0d8e1,skipped,,
A00022,,,,DOCUMENTATION,,,,,BRAMBLE_KITS_11_20.zip,BRAMBLE_KITS_11_20/preview/preview.js,bfedfb36c81cc7ba9b9898604206174d3efb3bc0d69d480f146bf654eb8201aa,skipped,,
A00023,,,,DOCUMENTATION,,,,,GAME_ASSET_CATALOG_V2.zip,GAME_ASSET_CATALOG_V2/ASSET_CATALOG.md,58a1ba51ab612c4fc0b9845b1d4ca289da76e6262f51b909953a308171bf9821,skipped,,
A00024,,,,DOCUMENTATION,,,,,GAME_ASSET_CATALOG_V2.zip,GAME_ASSET_CATALOG_V2/README.md,741826770dc98d7e44e4e8e46d180911bfa28deed9a2b56383fed3cd0ef08474,skipped,,
A00025,,,,DOCUMENTATION,,,,,GAME_ASSET_CATALOG_V2.zip,GAME_ASSET_CATALOG_V2/asset_manifest.csv,a31e4d8c1eb86baa12c83ebb4da5e8c41798d67537581e3802f6421e695a5451,skipped,,
A00026,,,,DOCUMENTATION,,,,,GAME_ASSET_CATALOG_V2.zip,GAME_ASSET_CATALOG_V2/kit_index.csv,2c8ae24170a08d0d9bce498a826296cbadc53d0e5a9e847543c1ba1804af360a,skipped,,
A00027,characters/animations/female/defeated_01/06_defeated_01.png,characters,animations,PRODUCTION_FRAME,female,,defeated_01,06,BRAMBLE_ANIMATION_KITS_64_73.zip,BRAMBLE_64_73/67_female_run_damage/frames/06_defeated_01.png,df4c3a621027c96e4e47d3e8e4d5b947ed6aadece4daea82020d8a4b2fd057a1,copied,,VISUAL_MASTER_ADJUST
A00028,characters/animations/female/defeated_02/07_defeated_02.png,characters,animations,PRODUCTION_FRAME,female,,defeated_02,07,BRAMBLE_ANIMATION_KITS_64_73.zip,BRAMBLE_64_73/67_female_run_damage/frames/07_defeated_02.png,db2334cd173829a88be65bcc8d27a254ac87412a6b3bfa800a42cb8b8461a619,copied,,VISUAL_MASTER_ADJUST
A00029,characters/animations/female/hit_01/04_hit_01.png,characters,animations,PRODUCTION_FRAME,female,,hit_01,04,BRAMBLE_ANIMATION_KITS_64_73.zip,BRAMBLE_64_73/67_female_run_damage/frames/04_hit_01.png,f7e2f44e21dd05be26333505d1703830cd119b903ef33e0dc18ad5e94c95e32f,copied,,VISUAL_MASTER_ADJUST
A00030,characters/animations/female/hit_02/05_hit_02.png,characters,animations,PRODUCTION_FRAME,female,,hit_02,05,BRAMBLE_ANIMATION_KITS_64_73.zip,BRAMBLE_64_73/67_female_run_damage/frames/05_hit_02.png,50c92291aab36e453f4b0412fd01edb0bf3674bff043970530b41f4b61c09aee,copied,,VISUAL_MASTER_ADJUST
A00031,characters/animations/female/idle_01/00_idle_01.png,characters,animations,PRODUCTION_FRAME,female,,idle_01,00,BRAMBLE_ANIMATION_KITS_64_73.zip,BRAMBLE_64_73/66_female_idle_walk/frames/00_idle_01.png,ae201968d1c8ec67b6c9fecaed2825820a4214aad36fe6b369cef8c9cc801390,copied,,VISUAL_MASTER_ADJUST
A00032,characters/animations/female/idle_02/01_idle_02.png,characters,animations,PRODUCTION_FRAME,female,,idle_02,01,BRAMBLE_ANIMATION_KITS_64_73.zip,BRAMBLE_64_73/66_female_idle_walk/frames/01_idle_02.png,e3fdd14fcb5bfd610fbb7fffde6728cf1912cb0d3e5590b3205dc56da1897af0,copied,,VISUAL_MASTER_ADJUST
A00033,characters/animations/female/idle_03/02_idle_03.png,characters,animations,PRODUCTION_FRAME,female,,idle_03,02,BRAMBLE_ANIMATION_KITS_64_73.zip,BRAMBLE_64_73/66_female_idle_walk/frames/02_idle_03.png,a6f4f22544a6a1eeed9a3636b23e06ff100a71c6fab0fd58a22b7c01f53f5776,copied,,VISUAL_MASTER_ADJUST
A00034,characters/animations/female/idle_04/03_idle_04.png,characters,animations,PRODUCTION_FRAME,female,,idle_04,03,BRAMBLE_ANIMATION_KITS_64_73.zip,BRAMBLE_64_73/66_female_idle_walk/frames/03_idle_04.png,c7d5cc7b08e9992f67d98d3aeb8d5af4455df608501d5462117d89c33650ece3,copied,,VISUAL_MASTER_ADJUST
A00035,characters/animations/female/run_01/00_run_01.png,characters,animations,PRODUCTION_FRAME,female,,run_01,00,BRAMBLE_ANIMATION_KITS_64_73.zip,BRAMBLE_64_73/67_female_run_damage/frames/00_run_01.png,0060c4422436c6feeba5210dbeff1033dcd065ba200ecdbf48670f0d8661b96c,copied,,VISUAL_MASTER_ADJUST
A00036,characters/animations/female/run_02/01_run_02.png,characters,animations,PRODUCTION_FRAME,female,,run_02,01,BRAMBLE_ANIMATION_KITS_64_73.zip,BRAMBLE_64_73/67_female_run_damage/frames/01_run_02.png,008bda3a30e19f9f554c952881c60c70e90fb1783157a4898e5eac1ea223a340,copied,,VISUAL_MASTER_ADJUST
A00037,characters/animations/female/run_03/02_run_03.png,characters,animations,PRODUCTION_FRAME,female,,run_03,02,BRAMBLE_ANIMATION_KITS_64_73.zip,BRAMBLE_64_73/67_female_run_damage/frames/02_run_03.png,f00ce2da0caa9b26b1d4476adab1c06111bfd87fc0beff2b08b5fcf590f98618,copied,,VISUAL_MASTER_ADJUST
A00038,characters/animations/female/run_04/03_run_04.png,characters,animations,PRODUCTION_FRAME,female,,run_04,03,BRAMBLE_ANIMATION_KITS_64_73.zip,BRAMBLE_64_73/67_female_run_damage/frames/03_run_04.png,8e5d58e96443692295b02d88765295a0bebe4de5782e9d474075e949b057f952,copied,,VISUAL_MASTER_ADJUST
A00039,characters/animations/female/walk_01/04_walk_01.png,characters,animations,PRODUCTION_FRAME,female,,walk_01,04,BRAMBLE_ANIMATION_KITS_64_73.zip,BRAMBLE_64_73/66_female_idle_walk/frames/04_walk_01.png,cc71368f769cefba6609794c4ed051cbd3ee6ccb179f691baef131f2c9b7c3ab,copied,,VISUAL_MASTER_ADJUST
A00040,characters/animations/female/walk_02/05_walk_02.png,characters,animations,PRODUCTION_FRAME,female,,walk_02,05,BRAMBLE_ANIMATION_KITS_64_73.zip,BRAMBLE_64_73/66_female_idle_walk/frames/05_walk_02.png,5c421335d1fbd32aa8dadcf2a3ff01b3cc7490192ac1f09af635966ec868c6b4,copied,,VISUAL_MASTER_ADJUST
A00041,characters/animations/female/walk_03/06_walk_03.png,characters,animations,PRODUCTION_FRAME,female,,walk_03,06,BRAMBLE_ANIMATION_KITS_64_73.zip,BRAMBLE_64_73/66_female_idle_walk/frames/06_walk_03.png,86625984638ae8ebd3a0dc717ff1d55d540e61d25194969bb6efe2db0351402c,copied,,VISUAL_MASTER_ADJUST
A00042,characters/animations/female/walk_04/07_walk_04.png,characters,animations,PRODUCTION_FRAME,female,,walk_04,07,BRAMBLE_ANIMATION_KITS_64_73.zip,BRAMBLE_64_73/66_female_idle_walk/frames/07_walk_04.png,5d44b6cc1fd1af645bb1129ccd047fc9ac686474027aaba162f1b2b9826b2ca2,copied,,VISUAL_MASTER_ADJUST
A00043,characters/animations/male/attack_melee/00_male_ready.png,characters,animations,PRODUCTION_FRAME,unarmed_melee_attack_poses,,male_ready,00,BRAMBLE_KITS_84_93.zip,BRAMBLE_84_93/88_unarmed_melee_attack_poses/frames/00_male_ready.png,3fbf95afe5e93c4dd48402ef81e31039e0e8750cc27ae56c98cb8f7cfcb371cb,copied,,VISUAL_MASTER_ADJUST
A00044,characters/animations/male/attack_melee/01_male_windup.png,characters,animations,PRODUCTION_FRAME,unarmed_melee_attack_poses,,male_windup,01,BRAMBLE_KITS_84_93.zip,BRAMBLE_84_93/88_unarmed_melee_attack_poses/frames/01_male_windup.png,2e277d4ab2195915c022630b5fa817cf58cf21de368d78b02e80594946d45247,copied,,VISUAL_MASTER_ADJUST
A00045,characters/animations/male/attack_melee/02_male_swing.png,characters,animations,PRODUCTION_FRAME,unarmed_melee_attack_poses,,male_swing,02,BRAMBLE_KITS_84_93.zip,BRAMBLE_84_93/88_unarmed_melee_attack_poses/frames/02_male_swing.png,d4075fcae61846411e0123f49a6ef6aa15242b43634f88b05bc879baf718daa1,copied,,VISUAL_MASTER_ADJUST
A00046,characters/animations/male/attack_melee/03_male_recover.png,characters,animations,PRODUCTION_FRAME,unarmed_melee_attack_poses,,male_recover,03,BRAMBLE_KITS_84_93.zip,BRAMBLE_84_93/88_unarmed_melee_attack_poses/frames/03_male_recover.png,d9a9f8028eb617a21616aa2c8d9e683ffcccfc22490aeba97f5d598b13e2a9b7,copied,,VISUAL_MASTER_ADJUST
A00047,characters/animations/male/attack_melee/04_female_ready.png,characters,animations,PRODUCTION_FRAME,unarmed_melee_attack_poses,,female_ready,04,BRAMBLE_KITS_84_93.zip,BRAMBLE_84_93/88_unarmed_melee_attack_poses/frames/04_female_ready.png,c8a861fae13b71216d2af5e91a943cbcea6407650c8923a70d5ff93a08696044,copied,,VISUAL_MASTER_ADJUST
A00048,characters/animations/male/attack_melee/05_female_windup.png,characters,animations,PRODUCTION_FRAME,unarmed_melee_attack_poses,,female_windup,05,BRAMBLE_KITS_84_93.zip,BRAMBLE_84_93/88_unarmed_melee_attack_poses/frames/05_female_windup.png,71318a1d26bc9ba26454fa852df96a4faad1a015bb76064a6751a7263352f345,copied,,VISUAL_MASTER_ADJUST
A00049,characters/animations/male/attack_melee/06_female_swing.png,characters,animations,PRODUCTION_FRAME,unarmed_melee_attack_poses,,female_swing,06,BRAMBLE_KITS_84_93.zip,BRAMBLE_84_93/88_unarmed_melee_attack_poses/frames/06_female_swing.png,331baba81de6b97984299e1202220eb81d6f3944c5c77cc3ad2741df9e0d4f89,copied,,VISUAL_MASTER_ADJUST
A00050,characters/animations/male/attack_melee/07_female_recover.png,characters,animations,PRODUCTION_FRAME,unarmed_melee_attack_poses,,female_recover,07,BRAMBLE_KITS_84_93.zip,BRAMBLE_84_93/88_unarmed_melee_attack_poses/frames/07_female_recover.png,a3084a1b25dd110a6f9f1be3235945aa44e7af06efa204a85ef954bbcf45349c,copied,,VISUAL_MASTER_ADJUST
A00051,characters/animations/male/attack_ranged/00_male_ready.png,characters,animations,PRODUCTION_FRAME,unarmed_ranged_attack_poses,,male_ready,00,BRAMBLE_KITS_84_93.zip,BRAMBLE_84_93/89_unarmed_ranged_attack_poses/frames/00_male_ready.png,be863b76e4f75fb0f17f399121668b78a24cee421e72ca337386a7eb0c0d5ce7,copied,,VISUAL_MASTER_ADJUST
A00052,characters/animations/male/attack_ranged/01_male_draw_start.png,characters,animations,PRODUCTION_FRAME,unarmed_ranged_attack_poses,,male_draw_start,01,BRAMBLE_KITS_84_93.zip,BRAMBLE_84_93/89_unarmed_ranged_attack_poses/frames/01_male_draw_start.png,21a3ce426dbf72353797f13756de3223602ddc30571b05f9f0fabcb934634344,copied,,VISUAL_MASTER_ADJUST
A00053,characters/animations/male/attack_ranged/02_male_full_draw.png,characters,animations,PRODUCTION_FRAME,unarmed_ranged_attack_poses,,male_full_draw,02,BRAMBLE_KITS_84_93.zip,BRAMBLE_84_93/89_unarmed_ranged_attack_poses/frames/02_male_full_draw.png,7bbc0f8dc41142dcbdcdfcb3784669a53ddead99d19b2068c21c1e7bfcd329a0,copied,,VISUAL_MASTER_ADJUST
A00054,characters/animations/male/attack_ranged/03_male_release.png,characters,animations,PRODUCTION_FRAME,unarmed_ranged_attack_poses,,male_release,03,BRAMBLE_KITS_84_93.zip,BRAMBLE_84_93/89_unarmed_ranged_attack_poses/frames/03_male_release.png,e16e9cb5b2531e060f352a437779b65803c8e236b924c998964eb57d2e6e0aaf,copied,,VISUAL_MASTER_ADJUST
A00055,characters/animations/male/attack_ranged/04_female_ready.png,characters,animations,PRODUCTION_FRAME,unarmed_ranged_attack_poses,,female_ready,04,BRAMBLE_KITS_84_93.zip,BRAMBLE_84_93/89_unarmed_ranged_attack_poses/frames/04_female_ready.png,2dcbbee886798ec1d4c13acb08cab72f6bf6d834f4c707acad168d7f0a8d418b,copied,,VISUAL_MASTER_ADJUST
A00056,characters/animations/male/attack_ranged/05_female_draw_start.png,characters,animations,PRODUCTION_FRAME,unarmed_ranged_attack_poses,,female_draw_start,05,BRAMBLE_KITS_84_93.zip,BRAMBLE_84_93/89_unarmed_ranged_attack_poses/frames/05_female_draw_start.png,20c90b149e4d44f287e3943e25fccc2f2c90cdbbf55d3a58a3a35489e0b5136d,copied,,VISUAL_MASTER_ADJUST
A00057,characters/animations/male/attack_ranged/06_female_full_draw.png,characters,animations,PRODUCTION_FRAME,unarmed_ranged_attack_poses,,female_full_draw,06,BRAMBLE_KITS_84_93.zip,BRAMBLE_84_93/89_unarmed_ranged_attack_poses/frames/06_female_full_draw.png,14ac7de9c6b3b0b9dd2744231608b8285d78c072c36bf4f185d16b94cb0431f3,copied,,VISUAL_MASTER_ADJUST
A00058,characters/animations/male/attack_ranged/07_female_release.png,characters,animations,PRODUCTION_FRAME,unarmed_ranged_attack_poses,,female_release,07,BRAMBLE_KITS_84_93.zip,BRAMBLE_84_93/89_unarmed_ranged_attack_poses/frames/07_female_release.png,b5f3784f0a3711c523dd09440a4c6d6d3935680d44dc44451a1665cfb9d83b8b,copied,,VISUAL_MASTER_ADJUST
A00059,characters/animations/male/cast/00_male_ready.png,characters,animations,PRODUCTION_FRAME,unarmed_magic_cast_poses,,male_ready,00,BRAMBLE_KITS_84_93.zip,BRAMBLE_84_93/90_unarmed_magic_cast_poses/frames/00_male_ready.png,d820e953cf97d080ceef246b9a4d862977d88458ad5c9866707ab7342fc6eca8,copied,,VISUAL_MASTER_ADJUST
A00060,characters/animations/male/cast/01_male_gather.png,characters,animations,PRODUCTION_FRAME,unarmed_magic_cast_poses,,male_gather,01,BRAMBLE_KITS_84_93.zip,BRAMBLE_84_93/90_unarmed_magic_cast_poses/frames/01_male_gather.png,57475e7e6f1cd42c61259514f48eacf564472f66ae6e69cc7f1c1c65f35f175b,copied,,VISUAL_MASTER_ADJUST
A00061,characters/animations/male/cast/02_male_channel.png,characters,animations,PRODUCTION_FRAME,unarmed_magic_cast_poses,,male_channel,02,BRAMBLE_KITS_84_93.zip,BRAMBLE_84_93/90_unarmed_magic_cast_poses/frames/02_male_channel.png,f5d518110c264c9f0788dd0681c744f19cd5c4e08a58105a56f21acf011e0056,copied,,VISUAL_MASTER_ADJUST
A00062,characters/animations/male/cast/03_male_release.png,characters,animations,PRODUCTION_FRAME,unarmed_magic_cast_poses,,male_release,03,BRAMBLE_KITS_84_93.zip,BRAMBLE_84_93/90_unarmed_magic_cast_poses/frames/03_male_release.png,4c0a9333d3b7a6d3b8c7f2ea5abc217dd0df791f7e7bcbfdd8c54118d8ac9a3d,copied,,VISUAL_MASTER_ADJUST
A00063,characters/animations/male/cast/04_female_ready.png,characters,animations,PRODUCTION_FRAME,unarmed_magic_cast_poses,,female_ready,04,BRAMBLE_KITS_84_93.zip,BRAMBLE_84_93/90_unarmed_magic_cast_poses/frames/04_female_ready.png,d77e3f94a4042dde52e8662b3ec4b776294e8b4221a05eef928cce14d13ff684,copied,,VISUAL_MASTER_ADJUST
A00064,characters/animations/male/cast/05_female_gather.png,characters,animations,PRODUCTION_FRAME,unarmed_magic_cast_poses,,female_gather,05,BRAMBLE_KITS_84_93.zip,BRAMBLE_84_93/90_unarmed_magic_cast_poses/frames/05_female_gather.png,e05acfb77a497eccefed38ece65ec4d47361e879676b33344546c2a698e75d99,copied,,VISUAL_MASTER_ADJUST
A00065,characters/animations/male/cast/06_female_channel.png,characters,animations,PRODUCTION_FRAME,unarmed_magic_cast_poses,,female_channel,06,BRAMBLE_KITS_84_93.zip,BRAMBLE_84_93/90_unarmed_magic_cast_poses/frames/06_female_channel.png,6a1362206df627cae729cecbbb037b13ff2ca18c9a6adebb48e6c96d04b2eb2e,copied,,VISUAL_MASTER_ADJUST
A00066,characters/animations/male/cast/07_female_release.png,characters,animations,PRODUCTION_FRAME,unarmed_magic_cast_poses,,female_release,07,BRAMBLE_KITS_84_93.zip,BRAMBLE_84_93/90_unarmed_magic_cast_poses/frames/07_female_release.png,0a887871c5d2daaec8ae89bb40a3cd96440a7a995f24963772fd9c4074dedb28,copied,,VISUAL_MASTER_ADJUST
A00067,characters/animations/male/defeated_01/06_defeated_01.png,characters,animations,PRODUCTION_FRAME,male,,defeated_01,06,BRAMBLE_ANIMATION_KITS_64_73.zip,BRAMBLE_64_73/65_male_run_damage/frames/06_defeated_01.png,483f1d911318566bc3de384730d4426c5b1a4b707934476c33a9c1b9fbe59042,copied,,VISUAL_MASTER_ADJUST
A00068,characters/animations/male/defeated_02/07_defeated_02.png,characters,animations,PRODUCTION_FRAME,male,,defeated_02,07,BRAMBLE_ANIMATION_KITS_64_73.zip,BRAMBLE_64_73/65_male_run_damage/frames/07_defeated_02.png,dd2dd4136502089beabdc809c2cc6eb73750cccdd78201f53f4cdeb6524ff362,copied,,VISUAL_MASTER_ADJUST
A00069,characters/animations/male/hit_01/04_hit_01.png,characters,animations,PRODUCTION_FRAME,male,,hit_01,04,BRAMBLE_ANIMATION_KITS_64_73.zip,BRAMBLE_64_73/65_male_run_damage/frames/04_hit_01.png,579c7d5b0fb0686317012b068f246af6f740942da117ac5d2c3865c573e50cd9,copied,,VISUAL_MASTER_ADJUST
A00070,characters/animations/male/hit_02/05_hit_02.png,characters,animations,PRODUCTION_FRAME,male,,hit_02,05,BRAMBLE_ANIMATION_KITS_64_73.zip,BRAMBLE_64_73/65_male_run_damage/frames/05_hit_02.png,b0c4003d426c0b8c9af85f4c089c393135ce04c6c506a0fe71a1bfdd4d78bdd8,copied,,VISUAL_MASTER_ADJUST
A00071,characters/animations/male/idle_01/00_idle_01.png,characters,animations,PRODUCTION_FRAME,male,,idle_01,00,BRAMBLE_ANIMATION_KITS_64_73.zip,BRAMBLE_64_73/64_male_idle_walk/frames/00_idle_01.png,8e3f4177c59eb759893c926296ebd2a16c51e11224fc7526c79d31c12b8eeeea,copied,,VISUAL_MASTER_ADJUST
A00072,characters/animations/male/idle_02/01_idle_02.png,characters,animations,PRODUCTION_FRAME,male,,idle_02,01,BRAMBLE_ANIMATION_KITS_64_73.zip,BRAMBLE_64_73/64_male_idle_walk/frames/01_idle_02.png,bc7dedf785bbe04b28095422855236e791e0b8be5e3c3d44555e22924ca77024,copied,,VISUAL_MASTER_ADJUST
A00073,characters/animations/male/idle_03/02_idle_03.png,characters,animations,PRODUCTION_FRAME,male,,idle_03,02,BRAMBLE_ANIMATION_KITS_64_73.zip,BRAMBLE_64_73/64_male_idle_walk/frames/02_idle_03.png,f150e7715bb8230f0f773174b40e0295818a1714287677610fe8a8505f784eaf,copied,,VISUAL_MASTER_ADJUST
A00074,characters/animations/male/idle_04/03_idle_04.png,characters,animations,PRODUCTION_FRAME,male,,idle_04,03,BRAMBLE_ANIMATION_KITS_64_73.zip,BRAMBLE_64_73/64_male_idle_walk/frames/03_idle_04.png,c92a87195a90556daa472945f9961dacc3fdd8bf3db5fd7ec2cc1a9292a81297,copied,,VISUAL_MASTER_ADJUST
A00075,characters/animations/male/run_01/00_run_01.png,characters,animations,PRODUCTION_FRAME,male,,run_01,00,BRAMBLE_ANIMATION_KITS_64_73.zip,BRAMBLE_64_73/65_male_run_damage/frames/00_run_01.png,f64f4e1899f51946f6ad241bae1818b418a0f7388c6ad437182f96373a1c3cdf,copied,,VISUAL_MASTER_ADJUST
A00076,characters/animations/male/run_02/01_run_02.png,characters,animations,PRODUCTION_FRAME,male,,run_02,01,BRAMBLE_ANIMATION_KITS_64_73.zip,BRAMBLE_64_73/65_male_run_damage/frames/01_run_02.png,71af8203477f87052edd4045c2493107364babef2d3a8e46af4572b6b6749fea,copied,,VISUAL_MASTER_ADJUST
A00077,characters/animations/male/run_03/02_run_03.png,characters,animations,PRODUCTION_FRAME,male,,run_03,02,BRAMBLE_ANIMATION_KITS_64_73.zip,BRAMBLE_64_73/65_male_run_damage/frames/02_run_03.png,2d2424589b94c597b09074b3c32b9769a550b04128cd97179c2fc1d2e138c81f,copied,,VISUAL_MASTER_ADJUST
A00078,characters/animations/male/run_04/03_run_04.png,characters,animations,PRODUCTION_FRAME,male,,run_04,03,BRAMBLE_ANIMATION_KITS_64_73.zip,BRAMBLE_64_73/65_male_run_damage/frames/03_run_04.png,449ab85a9eb69d50ea59f20375655ea6cb4bc3b4d367c452703949ffd5a89d06,copied,,VISUAL_MASTER_ADJUST
A00079,characters/animations/male/walk_01/04_walk_01.png,characters,animations,PRODUCTION_FRAME,male,,walk_01,04,BRAMBLE_ANIMATION_KITS_64_73.zip,BRAMBLE_64_73/64_male_idle_walk/frames/04_walk_01.png,6f330f757aed74cf5a1b1375418f55dc7aaac61139790b8ab9991f535b3a6d66,copied,,VISUAL_MASTER_ADJUST
A00080,characters/animations/male/walk_02/05_walk_02.png,characters,animations,PRODUCTION_FRAME,male,,walk_02,05,BRAMBLE_ANIMATION_KITS_64_73.zip,BRAMBLE_64_73/64_male_idle_walk/frames/05_walk_02.png,5febc5a221f3d6caa2dbee9f750c1974aec3e3430e360c84d8892aed4bc2609d,copied,,VISUAL_MASTER_ADJUST
A00081,characters/animations/male/walk_03/06_walk_03.png,characters,animations,PRODUCTION_FRAME,male,,walk_03,06,BRAMBLE_ANIMATION_KITS_64_73.zip,BRAMBLE_64_73/64_male_idle_walk/frames/06_walk_03.png,47d4ad71b0a04d99f0df355d7c87015c7abf3dfaf9dcfcc25bd1c21ae16f81d7,copied,,VISUAL_MASTER_ADJUST
A00082,characters/animations/male/walk_04/07_walk_04.png,characters,animations,PRODUCTION_FRAME,male,,walk_04,07,BRAMBLE_ANIMATION_KITS_64_73.zip,BRAMBLE_64_73/64_male_idle_walk/frames/07_walk_04.png,d56c6fb4b9ef594b6a8dda1649a7842169c9c88c5670531bce4870cf100e43c9,copied,,VISUAL_MASTER_ADJUST
A00083,characters/base/female/animations/defeated.png,characters,base,PRODUCTION_SINGLE,female,,defeated,,BRAMBLE_54_63.zip,BRAMBLE_54_63/57_base_female_locomotion_damage/defeated.png,674a957362671ffb12b5125d26615af7090cac0c1e9e233ab8eefa94561f01b6,copied,,VISUAL_MASTER_ADJUST
A00084,characters/base/female/animations/hit.png,characters,base,PRODUCTION_SINGLE,female,,hit,,BRAMBLE_54_63.zip,BRAMBLE_54_63/57_base_female_locomotion_damage/hit.png,52add6417db198b8f4bb91f35f03828fbae4f4674bad9a1c40f8d6bcc54533fc,copied,,VISUAL_MASTER_ADJUST
A00085,characters/base/female/animations/idle/idle_a.png,characters,base,PRODUCTION_FRAME,female,,idle,a,BRAMBLE_54_63.zip,BRAMBLE_54_63/57_base_female_locomotion_damage/idle_a.png,e0d05ecdb1d585d02580cb462f79fb1e79708edb11475e07eb63f2d5887e0b8b,copied,,VISUAL_MASTER_ADJUST
A00086,characters/base/female/animations/idle/idle_b.png,characters,base,PRODUCTION_FRAME,female,,idle,b,BRAMBLE_54_63.zip,BRAMBLE_54_63/57_base_female_locomotion_damage/idle_b.png,2f3e7d581184690a7b94408c321fac803a96bc0671d0d223f07c526c867da6d8,copied,,VISUAL_MASTER_ADJUST
A00087,characters/base/female/animations/run/run_a.png,characters,base,PRODUCTION_FRAME,female,,run,a,BRAMBLE_54_63.zip,BRAMBLE_54_63/57_base_female_locomotion_damage/run_a.png,94651e1b1f2e46e2b6dfa63ca21cfc37e283aa4758a0e2ef20d908950c1fada8,copied,,VISUAL_MASTER_ADJUST
A00088,characters/base/female/animations/run/run_b.png,characters,base,PRODUCTION_FRAME,female,,run,b,BRAMBLE_54_63.zip,BRAMBLE_54_63/57_base_female_locomotion_damage/run_b.png,f1a72923bad57336df4bdcd7bac5802362b97c28296c90768a44148decb83bb7,copied,,VISUAL_MASTER_ADJUST
A00089,characters/base/female/animations/walk/walk_a.png,characters,base,PRODUCTION_FRAME,female,,walk,a,BRAMBLE_54_63.zip,BRAMBLE_54_63/57_base_female_locomotion_damage/walk_a.png,ba267cd429df30ca8116127319eb1d0981a5f1e88a66916f6d8d18a6204cc405,copied,,VISUAL_MASTER_ADJUST
A00090,characters/base/female/animations/walk/walk_b.png,characters,base,PRODUCTION_FRAME,female,,walk,b,BRAMBLE_54_63.zip,BRAMBLE_54_63/57_base_female_locomotion_damage/walk_b.png,82833024258881f746d157fc398aa153db7b034687cd508d5ef6c4efcb9f5713,copied,,VISUAL_MASTER_ADJUST
A00091,characters/base/female/directions/back.png,characters,base,PRODUCTION_DIRECTION,female,back,,,BRAMBLE_54_63.zip,BRAMBLE_54_63/55_base_female_8_directions/back.png,e25ea1bd8c29532368be8e5a5ed55e2ea71c9f71a857ca42cc378c6b8097ea6c,copied,,VISUAL_MASTER_READY
A00092,characters/base/female/directions/back_left.png,characters,base,PRODUCTION_DIRECTION,female,back_left,,,BRAMBLE_54_63.zip,BRAMBLE_54_63/55_base_female_8_directions/back_left.png,8804101c36c4c5a399fe26505465d0346288d3e8689b111740076ca9253c8cd8,copied,,VISUAL_MASTER_READY
A00093,characters/base/female/directions/back_right.png,characters,base,PRODUCTION_DIRECTION,female,back_right,,,BRAMBLE_54_63.zip,BRAMBLE_54_63/55_base_female_8_directions/back_right.png,8ef7b2fa0c4e0fc173a1bee662f0228158be0ee45a2a7d0cc4753264e4952199,copied,,VISUAL_MASTER_READY
A00094,characters/base/female/directions/front.png,characters,base,PRODUCTION_DIRECTION,female,front,,,BRAMBLE_54_63.zip,BRAMBLE_54_63/55_base_female_8_directions/front.png,94932651b52739b5b76f92d65c06620d591e66ff74c1f65ad68cf35de5379784,copied,,VISUAL_MASTER_READY
A00095,characters/base/female/directions/front_left.png,characters,base,PRODUCTION_DIRECTION,female,front_left,,,BRAMBLE_54_63.zip,BRAMBLE_54_63/55_base_female_8_directions/front_left.png,16ea28115a86b14d736faff1bc60c38f9f70f4d3a870dfcebcf98e4adca36359,copied,,VISUAL_MASTER_READY
A00096,characters/base/female/directions/front_right.png,characters,base,PRODUCTION_DIRECTION,female,front_right,,,BRAMBLE_54_63.zip,BRAMBLE_54_63/55_base_female_8_directions/front_right.png,8a8632b8f2b380b39b8323284a521b9588fcefa5deecd927c31151dcabbbdacc,copied,,VISUAL_MASTER_READY
A00097,characters/base/female/directions/left.png,characters,base,PRODUCTION_DIRECTION,female,left,,,BRAMBLE_54_63.zip,BRAMBLE_54_63/55_base_female_8_directions/left.png,e3a10f852bd0839e7df537accbcdc7855847510e272391a612c166f560aa4e8d,copied,,VISUAL_MASTER_READY
A00098,characters/base/female/directions/right.png,characters,base,PRODUCTION_DIRECTION,female,right,,,BRAMBLE_54_63.zip,BRAMBLE_54_63/55_base_female_8_directions/right.png,a8e9d089a58c515c51eae9cce1ad13cff6322d955a6a7c6df90a374c678fb6fd,copied,,VISUAL_MASTER_READY
A00099,characters/base/male/animations/defeated.png,characters,base,PRODUCTION_SINGLE,male,,defeated,,BRAMBLE_54_63.zip,BRAMBLE_54_63/56_base_male_locomotion_damage/defeated.png,b7d63fe6337e5094205bb5528a08ba8347851fd31f29b6664aeb8030bb45f744,copied,,VISUAL_MASTER_ADJUST
A00100,characters/base/male/animations/hit.png,characters,base,PRODUCTION_SINGLE,male,,hit,,BRAMBLE_54_63.zip,BRAMBLE_54_63/56_base_male_locomotion_damage/hit.png,977a1a43650e3fa4eca8ee143ca3c5d0036e70972e5bd28a6b35abc5eacfd8de,copied,,VISUAL_MASTER_ADJUST
A00101,characters/base/male/animations/idle/idle_a.png,characters,base,PRODUCTION_FRAME,male,,idle,a,BRAMBLE_54_63.zip,BRAMBLE_54_63/56_base_male_locomotion_damage/idle_a.png,dcfd591523122bceeca38af630a3426648723337a399941a811eee01b51f67b4,copied,,VISUAL_MASTER_ADJUST
A00102,characters/base/male/animations/idle/idle_b.png,characters,base,PRODUCTION_FRAME,male,,idle,b,BRAMBLE_54_63.zip,BRAMBLE_54_63/56_base_male_locomotion_damage/idle_b.png,f987137ae8a8371a67fca929c02c60fc700ab73ffb01d0a4c7df5af894fc36fe,copied,,VISUAL_MASTER_ADJUST
A00103,characters/base/male/animations/run/run_a.png,characters,base,PRODUCTION_FRAME,male,,run,a,BRAMBLE_54_63.zip,BRAMBLE_54_63/56_base_male_locomotion_damage/run_a.png,2451c2a1a3802be82ac52727a756c34d408e06dc652f2a25b7ad9019d9b93537,copied,,VISUAL_MASTER_ADJUST
A00104,characters/base/male/animations/run/run_b.png,characters,base,PRODUCTION_FRAME,male,,run,b,BRAMBLE_54_63.zip,BRAMBLE_54_63/56_base_male_locomotion_damage/run_b.png,321aeac1524a886533918bf37989d997b50ea247589d39a0d45106382a579027,copied,,VISUAL_MASTER_ADJUST
A00105,characters/base/male/animations/walk/walk_a.png,characters,base,PRODUCTION_FRAME,male,,walk,a,BRAMBLE_54_63.zip,BRAMBLE_54_63/56_base_male_locomotion_damage/walk_a.png,566a565a40506be7aeb3f4b3c8f06ce9a0f8e921c9c9cfb82d7f52fb8e3f95ca,copied,,VISUAL_MASTER_ADJUST
A00106,characters/base/male/animations/walk/walk_b.png,characters,base,PRODUCTION_FRAME,male,,walk,b,BRAMBLE_54_63.zip,BRAMBLE_54_63/56_base_male_locomotion_damage/walk_b.png,fd548494f5bcdeebceefe1309e2e1cd251dfd9ecde2bd3b5aef904ad39e0dfdd,copied,,VISUAL_MASTER_ADJUST
A00107,characters/base/male/directions/back.png,characters,base,PRODUCTION_DIRECTION,male,back,,,BRAMBLE_54_63.zip,BRAMBLE_54_63/54_base_male_8_directions/back.png,24a60197d723ba3037bef762439d1cc28f27d00f657a1426878a754d9079fe96,copied,,VISUAL_MASTER_READY
A00108,characters/base/male/directions/back_left.png,characters,base,PRODUCTION_DIRECTION,male,back_left,,,BRAMBLE_54_63.zip,BRAMBLE_54_63/54_base_male_8_directions/back_left.png,c325f5fd313375c6e59db68fbc8d12a2d94e507a6b98e40db31f4971b5c36d97,copied,,VISUAL_MASTER_READY
A00109,characters/base/male/directions/back_right.png,characters,base,PRODUCTION_DIRECTION,male,back_right,,,BRAMBLE_54_63.zip,BRAMBLE_54_63/54_base_male_8_directions/back_right.png,fb149b32575565ca9ed4af7837ff4f3afad4d4e95082511300654ac29ac127cd,copied,,VISUAL_MASTER_READY
A00110,characters/base/male/directions/front.png,characters,base,PRODUCTION_DIRECTION,male,front,,,BRAMBLE_54_63.zip,BRAMBLE_54_63/54_base_male_8_directions/front.png,d1fa34d14283b6e3a28b8249f82ef349c927ef37539dd023d2a13fcedd9e1135,copied,,VISUAL_MASTER_READY
A00111,characters/base/male/directions/front_left.png,characters,base,PRODUCTION_DIRECTION,male,front_left,,,BRAMBLE_54_63.zip,BRAMBLE_54_63/54_base_male_8_directions/front_left.png,f23735ff6fb8e6abe97d27018aabae3487476c6acb246173db3d36c8fe499ee2,copied,,VISUAL_MASTER_READY
A00112,characters/base/male/directions/front_right.png,characters,base,PRODUCTION_DIRECTION,male,front_right,,,BRAMBLE_54_63.zip,BRAMBLE_54_63/54_base_male_8_directions/front_right.png,2462cce45179abd87fafecaee602c40bbf6bad9163e4c4d47398650fc398ebe5,copied,,VISUAL_MASTER_READY
A00113,characters/base/male/directions/left.png,characters,base,PRODUCTION_DIRECTION,male,left,,,BRAMBLE_54_63.zip,BRAMBLE_54_63/54_base_male_8_directions/left.png,12f5fbbb5e173c12ac31cc659bbab6bb9f796ae5974350f53cc3ded690e54474,copied,,VISUAL_MASTER_READY
A00114,characters/base/male/directions/right.png,characters,base,PRODUCTION_DIRECTION,male,right,,,BRAMBLE_54_63.zip,BRAMBLE_54_63/54_base_male_8_directions/right.png,91408b5646d9456ed2ad90f9bfa539f5aaaaa3a01757442caabf3e51643eb203,copied,,VISUAL_MASTER_READY
A00115,characters/equipment/armor/arcane/frames/00_male_idle.png,characters,equipment,PRODUCTION_FRAME,arcane_armor,,male_idle,00,BRAMBLE_KITS_84_93.zip,BRAMBLE_84_93/87_arcane_armor_pose_layers/frames/00_male_idle.png,7c76d3dd1058b2d38a563d612978e5834e62c25f6899b8dc1d7e28436ba2c562,copied,,VISUAL_MASTER_ADJUST
A00116,characters/equipment/armor/arcane/frames/01_male_walk.png,characters,equipment,PRODUCTION_FRAME,arcane_armor,,male_walk,01,BRAMBLE_KITS_84_93.zip,BRAMBLE_84_93/87_arcane_armor_pose_layers/frames/01_male_walk.png,f173205fa1ed58260543ffac7ffa75f5adb90729e10a7e39cd15cfb4a89aa2df,copied,,VISUAL_MASTER_ADJUST
A00117,characters/equipment/armor/arcane/frames/02_male_run.png,characters,equipment,PRODUCTION_FRAME,arcane_armor,,male_run,02,BRAMBLE_KITS_84_93.zip,BRAMBLE_84_93/87_arcane_armor_pose_layers/frames/02_male_run.png,a9b2a8900a9ce7736a299653041fcc40f62cb95f5aa7e2328af52785724ce57b,copied,,VISUAL_MASTER_ADJUST
A00118,characters/equipment/armor/arcane/frames/03_male_hit.png,characters,equipment,PRODUCTION_FRAME,arcane_armor,,male_hit,03,BRAMBLE_KITS_84_93.zip,BRAMBLE_84_93/87_arcane_armor_pose_layers/frames/03_male_hit.png,e0609deb945859c14852d1074d8087407feb38641d642bae53decb754a4d50ad,copied,,VISUAL_MASTER_ADJUST
A00119,characters/equipment/armor/arcane/frames/04_female_idle.png,characters,equipment,PRODUCTION_FRAME,arcane_armor,,female_idle,04,BRAMBLE_KITS_84_93.zip,BRAMBLE_84_93/87_arcane_armor_pose_layers/frames/04_female_idle.png,c50965f30dfe8885dd51677ab68198603a6842fd84f20036289da10f1706f0c2,copied,,VISUAL_MASTER_ADJUST
A00120,characters/equipment/armor/arcane/frames/05_female_walk.png,characters,equipment,PRODUCTION_FRAME,arcane_armor,,female_walk,05,BRAMBLE_KITS_84_93.zip,BRAMBLE_84_93/87_arcane_armor_pose_layers/frames/05_female_walk.png,a2745b57ed9ec0cd6de7f194fc2289ddb21493f3379a35c52bf5300eb5e6603f,copied,,VISUAL_MASTER_ADJUST
A00121,characters/equipment/armor/arcane/frames/06_female_run.png,characters,equipment,PRODUCTION_FRAME,arcane_armor,,female_run,06,BRAMBLE_KITS_84_93.zip,BRAMBLE_84_93/87_arcane_armor_pose_layers/frames/06_female_run.png,179e0c8bb1bda687e432cad64b66bb67cbe7770400b261569a3f625b67a2dc4e,copied,,VISUAL_MASTER_ADJUST
A00122,characters/equipment/armor/arcane/frames/07_female_hit.png,characters,equipment,PRODUCTION_FRAME,arcane_armor,,female_hit,07,BRAMBLE_KITS_84_93.zip,BRAMBLE_84_93/87_arcane_armor_pose_layers/frames/07_female_hit.png,ec67e64a1623a33e19b1e9fb799c593c0748a30c6d9208a7e8a585df69fc9d40,copied,,VISUAL_MASTER_ADJUST
A00123,characters/equipment/armor/arcane_female.png,characters,equipment,PRODUCTION_SINGLE,armor_outfit_layers,,,,BRAMBLE_KITS_74_83.zip,BRAMBLE_74_83/83_armor_outfit_layers/arcane_female.png,315c0b17e8b703a93b2847643190f4e98f6ae62422fd9ce94baafeaf8c4444d4,copied,,VISUAL_MASTER_ADJUST
A00124,characters/equipment/armor/arcane_male.png,characters,equipment,PRODUCTION_SINGLE,armor_outfit_layers,,,,BRAMBLE_KITS_74_83.zip,BRAMBLE_74_83/83_armor_outfit_layers/arcane_male.png,d4156ec82a5edd58b9b102fc158cbb402d3494487d5cf7c904106b2c3efa26f1,copied,,VISUAL_MASTER_ADJUST
A00125,characters/equipment/armor/armor_parts.png,characters,equipment,PRODUCTION_LAYER,kit_07_bundle,,,,BRAMBLE_10_Asset_Kits.zip,BRAMBLE_10_Asset_Kits/equipment/armor_parts.png,05686ff7ace4799a052e4cf48e48f981aa33e14b2774b906c59e0ac752599b6c,copied,,VISUAL_MASTER_ADJUST
A00126,characters/equipment/armor/forest/frames/00_male_idle.png,characters,equipment,PRODUCTION_FRAME,forest_armor,,male_idle,00,BRAMBLE_KITS_84_93.zip,BRAMBLE_84_93/84_forest_armor_pose_layers/frames/00_male_idle.png,000f80d01c2481786a8bf92301425b13725032060b642f6f530beec20ef0a8dd,copied,,VISUAL_MASTER_ADJUST
A00127,characters/equipment/armor/forest/frames/01_male_walk.png,characters,equipment,PRODUCTION_FRAME,forest_armor,,male_walk,01,BRAMBLE_KITS_84_93.zip,BRAMBLE_84_93/84_forest_armor_pose_layers/frames/01_male_walk.png,bca6f3b8b13c1a7fd7a4b525c27f35f8bccd5258c79e1f08eccc804546648273,copied,,VISUAL_MASTER_ADJUST
A00128,characters/equipment/armor/forest/frames/02_male_run.png,characters,equipment,PRODUCTION_FRAME,forest_armor,,male_run,02,BRAMBLE_KITS_84_93.zip,BRAMBLE_84_93/84_forest_armor_pose_layers/frames/02_male_run.png,adebf9ffa758b49fdd9214d1748d3e2bd680a4ce11b71e1fb71753d62a4ad0c8,copied,,VISUAL_MASTER_ADJUST
A00129,characters/equipment/armor/forest/frames/03_male_hit.png,characters,equipment,PRODUCTION_FRAME,forest_armor,,male_hit,03,BRAMBLE_KITS_84_93.zip,BRAMBLE_84_93/84_forest_armor_pose_layers/frames/03_male_hit.png,2b37f66d8db38cb8f8e2b79b4061613e03d28da4a9c878b538fbc265da36686b,copied,,VISUAL_MASTER_ADJUST
A00130,characters/equipment/armor/forest/frames/04_female_idle.png,characters,equipment,PRODUCTION_FRAME,forest_armor,,female_idle,04,BRAMBLE_KITS_84_93.zip,BRAMBLE_84_93/84_forest_armor_pose_layers/frames/04_female_idle.png,8ed2e2447320792cf7fff65a9de2763a1350e91eebb2c32b4bdda53554415ccb,copied,,VISUAL_MASTER_ADJUST
A00131,characters/equipment/armor/forest/frames/05_female_walk.png,characters,equipment,PRODUCTION_FRAME,forest_armor,,female_walk,05,BRAMBLE_KITS_84_93.zip,BRAMBLE_84_93/84_forest_armor_pose_layers/frames/05_female_walk.png,6dbdfa172c404cfa603b2a5f68a96b761aded0912e645c59bc95ae91d5d3a9b7,copied,,VISUAL_MASTER_ADJUST
A00132,characters/equipment/armor/forest/frames/06_female_run.png,characters,equipment,PRODUCTION_FRAME,forest_armor,,female_run,06,BRAMBLE_KITS_84_93.zip,BRAMBLE_84_93/84_forest_armor_pose_layers/frames/06_female_run.png,b8a75a3bf26dd7c07f4ef7b83ff610ac7b244be75cc41590d87a5d20dc059d9e,copied,,VISUAL_MASTER_ADJUST
A00133,characters/equipment/armor/forest/frames/07_female_hit.png,characters,equipment,PRODUCTION_FRAME,forest_armor,,female_hit,07,BRAMBLE_KITS_84_93.zip,BRAMBLE_84_93/84_forest_armor_pose_layers/frames/07_female_hit.png,736bfbc4b6644d526794fa519d474d88902098b7f1e4d45bf7a4fa78c7a39e20,copied,,VISUAL_MASTER_ADJUST
A00134,characters/equipment/armor/forest_female.png,characters,equipment,PRODUCTION_SINGLE,armor_outfit_layers,,,,BRAMBLE_KITS_74_83.zip,BRAMBLE_74_83/83_armor_outfit_layers/forest_female.png,1ba176a069f785ff62654699de30c238e438efe575cb28f4089889322ca410ce,copied,,VISUAL_MASTER_ADJUST
A00135,characters/equipment/armor/forest_male.png,characters,equipment,PRODUCTION_SINGLE,armor_outfit_layers,,,,BRAMBLE_KITS_74_83.zip,BRAMBLE_74_83/83_armor_outfit_layers/forest_male.png,6ad28389d79269b636fbd91f967c00a765fd5f9e321356fb191a2857251e6d55,copied,,VISUAL_MASTER_ADJUST
A00136,characters/equipment/armor/knight/frames/00_male_idle.png,characters,equipment,PRODUCTION_FRAME,knight_armor,,male_idle,00,BRAMBLE_KITS_84_93.zip,BRAMBLE_84_93/86_knight_armor_pose_layers/frames/00_male_idle.png,abafd033164aac6abb5043984c8568bdb1aabc437b5beaa8c4e61fe8fed5a78f,copied,,VISUAL_MASTER_ADJUST
A00137,characters/equipment/armor/knight/frames/01_male_walk.png,characters,equipment,PRODUCTION_FRAME,knight_armor,,male_walk,01,BRAMBLE_KITS_84_93.zip,BRAMBLE_84_93/86_knight_armor_pose_layers/frames/01_male_walk.png,4560b4d5f0c32126cc03170ee9b357e8c11c733bb142bb4d9c22911712c2f54f,copied,,VISUAL_MASTER_ADJUST
A00138,characters/equipment/armor/knight/frames/02_male_run.png,characters,equipment,PRODUCTION_FRAME,knight_armor,,male_run,02,BRAMBLE_KITS_84_93.zip,BRAMBLE_84_93/86_knight_armor_pose_layers/frames/02_male_run.png,059eec81a4fb3a48574e995924e1317c820aee31d75d85551cdf27414309bdaa,copied,,VISUAL_MASTER_ADJUST
A00139,characters/equipment/armor/knight/frames/03_male_hit.png,characters,equipment,PRODUCTION_FRAME,knight_armor,,male_hit,03,BRAMBLE_KITS_84_93.zip,BRAMBLE_84_93/86_knight_armor_pose_layers/frames/03_male_hit.png,97ffb1c264f42868d2663fd02ce62175e6fe6f211f679d197ef07add81e703f2,copied,,VISUAL_MASTER_ADJUST
A00140,characters/equipment/armor/knight/frames/04_female_idle.png,characters,equipment,PRODUCTION_FRAME,knight_armor,,female_idle,04,BRAMBLE_KITS_84_93.zip,BRAMBLE_84_93/86_knight_armor_pose_layers/frames/04_female_idle.png,9ba0a502e1d5b3440fa11563b051b33b02713b4ed41d4296af8fe4e214b55956,copied,,VISUAL_MASTER_ADJUST
A00141,characters/equipment/armor/knight/frames/05_female_walk.png,characters,equipment,PRODUCTION_FRAME,knight_armor,,female_walk,05,BRAMBLE_KITS_84_93.zip,BRAMBLE_84_93/86_knight_armor_pose_layers/frames/05_female_walk.png,6623d09076c4b8d81b4b3379d3c85c9a8ef2d75c74173fcd161b9516ece3c71f,copied,,VISUAL_MASTER_ADJUST
A00142,characters/equipment/armor/knight/frames/06_female_run.png,characters,equipment,PRODUCTION_FRAME,knight_armor,,female_run,06,BRAMBLE_KITS_84_93.zip,BRAMBLE_84_93/86_knight_armor_pose_layers/frames/06_female_run.png,48886cbf95d38676252fabff7c1f43c9f8321df2d65dfcbdff1d65dcf1408070,copied,,VISUAL_MASTER_ADJUST
A00143,characters/equipment/armor/knight/frames/07_female_hit.png,characters,equipment,PRODUCTION_FRAME,knight_armor,,female_hit,07,BRAMBLE_KITS_84_93.zip,BRAMBLE_84_93/86_knight_armor_pose_layers/frames/07_female_hit.png,cb6fa9b5a14f75a1459e62da23489605f966ab8b6dbc405dfa02ad22c1516786,copied,,VISUAL_MASTER_ADJUST
A00144,characters/equipment/armor/knight_female.png,characters,equipment,PRODUCTION_SINGLE,armor_outfit_layers,,,,BRAMBLE_KITS_74_83.zip,BRAMBLE_74_83/83_armor_outfit_layers/knight_female.png,dda1219c8ca890a77dc4f69c44e1d2f2dc81c5b1cd512e99b27c9109e2b1ac69,copied,,VISUAL_MASTER_ADJUST
A00145,characters/equipment/armor/knight_male.png,characters,equipment,PRODUCTION_SINGLE,armor_outfit_layers,,,,BRAMBLE_KITS_74_83.zip,BRAMBLE_74_83/83_armor_outfit_layers/knight_male.png,14b0e91749602193ac7bf9826a983d1469f8f2d20247dccbf4237b54ed4a000d,copied,,VISUAL_MASTER_ADJUST
A00146,characters/equipment/armor/leather/frames/00_male_idle.png,characters,equipment,PRODUCTION_FRAME,leather_armor,,male_idle,00,BRAMBLE_KITS_84_93.zip,BRAMBLE_84_93/85_leather_armor_pose_layers/frames/00_male_idle.png,d7d65d73e4e3d9a18efe1ec0fa3931bf0c2caa9488bfdaf676e4ee177e2d0eed,copied,,VISUAL_MASTER_ADJUST
A00147,characters/equipment/armor/leather/frames/01_male_walk.png,characters,equipment,PRODUCTION_FRAME,leather_armor,,male_walk,01,BRAMBLE_KITS_84_93.zip,BRAMBLE_84_93/85_leather_armor_pose_layers/frames/01_male_walk.png,0b9a089312bab3da1d927aa14ceb4f7eb3e0d76901375b660e2bae321c1ac6e9,copied,,VISUAL_MASTER_ADJUST
A00148,characters/equipment/armor/leather/frames/02_male_run.png,characters,equipment,PRODUCTION_FRAME,leather_armor,,male_run,02,BRAMBLE_KITS_84_93.zip,BRAMBLE_84_93/85_leather_armor_pose_layers/frames/02_male_run.png,5d1d23d75acb4e3ec395bbaf20bd40a5e7eaa0f7df7f964390d0f79264b9fff6,copied,,VISUAL_MASTER_ADJUST
A00149,characters/equipment/armor/leather/frames/03_male_hit.png,characters,equipment,PRODUCTION_FRAME,leather_armor,,male_hit,03,BRAMBLE_KITS_84_93.zip,BRAMBLE_84_93/85_leather_armor_pose_layers/frames/03_male_hit.png,ff55b5703a536a60ca8876620b0a8d133f3777a93c310638ef34fd28431b47d1,copied,,VISUAL_MASTER_ADJUST
A00150,characters/equipment/armor/leather/frames/04_female_idle.png,characters,equipment,PRODUCTION_FRAME,leather_armor,,female_idle,04,BRAMBLE_KITS_84_93.zip,BRAMBLE_84_93/85_leather_armor_pose_layers/frames/04_female_idle.png,8bdc217170dfcdd67063238797c357ab52d064773d84402dbc368f2a5e2cc2dc,copied,,VISUAL_MASTER_ADJUST
A00151,characters/equipment/armor/leather/frames/05_female_walk.png,characters,equipment,PRODUCTION_FRAME,leather_armor,,female_walk,05,BRAMBLE_KITS_84_93.zip,BRAMBLE_84_93/85_leather_armor_pose_layers/frames/05_female_walk.png,37e84e01a90f4c86423108db699848a1654f1e9fb361aa1159f998833844dbad,copied,,VISUAL_MASTER_ADJUST
A00152,characters/equipment/armor/leather/frames/06_female_run.png,characters,equipment,PRODUCTION_FRAME,leather_armor,,female_run,06,BRAMBLE_KITS_84_93.zip,BRAMBLE_84_93/85_leather_armor_pose_layers/frames/06_female_run.png,a4d5da8333d78841c8dc2503cd6dd14f0e37ebb85fd01cb4c13f9da4c082d0bd,copied,,VISUAL_MASTER_ADJUST
A00153,characters/equipment/armor/leather/frames/07_female_hit.png,characters,equipment,PRODUCTION_FRAME,leather_armor,,female_hit,07,BRAMBLE_KITS_84_93.zip,BRAMBLE_84_93/85_leather_armor_pose_layers/frames/07_female_hit.png,7289379152fd2e6784287d9acafa7629c6a4590f930c318e10110d99d7a2d3e9,copied,,VISUAL_MASTER_ADJUST
A00154,characters/equipment/armor/leather_female.png,characters,equipment,PRODUCTION_SINGLE,armor_outfit_layers,,,,BRAMBLE_KITS_74_83.zip,BRAMBLE_74_83/83_armor_outfit_layers/leather_female.png,e4243012f9498a2bb26dfe1eda3b2af16e8dae26dc8426c4f2f193bac4400048,copied,,VISUAL_MASTER_ADJUST
A00155,characters/equipment/armor/leather_male.png,characters,equipment,PRODUCTION_SINGLE,armor_outfit_layers,,,,BRAMBLE_KITS_74_83.zip,BRAMBLE_74_83/83_armor_outfit_layers/leather_male.png,30142c34c0c243579ab21e651d484ea861e49c867e5aa4203e7ddfd59a00b471,copied,,VISUAL_MASTER_ADJUST
A00156,characters/equipment/offhands/copper_tower_shield.png,characters,equipment,PRODUCTION_SINGLE,shields_offhands_tools,,,,BRAMBLE_KITS_74_83.zip,BRAMBLE_74_83/82_shields_offhands_tools/copper_tower_shield.png,0113f7cd63fc0cd5ef8d1eb7ac6002e0160f591519ee204684836d2962c21209,copied,,VISUAL_MASTER_ADJUST
A00157,characters/equipment/offhands/crystal_ward.png,characters,equipment,PRODUCTION_SINGLE,shields_offhands_tools,,,,BRAMBLE_KITS_74_83.zip,BRAMBLE_74_83/82_shields_offhands_tools/crystal_ward.png,09e8d8ae7f4932b97f34192b8e619b288ec4b393d339656555add051e92f7d65,copied,,VISUAL_MASTER_ADJUST
A00158,characters/equipment/offhands/lantern.png,characters,equipment,PRODUCTION_SINGLE,shields_offhands_tools,,,,BRAMBLE_KITS_74_83.zip,BRAMBLE_74_83/82_shields_offhands_tools/lantern.png,eaec9c143ad7712b6f33a0c34b0339f24c295028e8ee50dc2399a3cf46651054,copied,,VISUAL_MASTER_ADJUST
A00159,characters/equipment/offhands/leaf_kite_shield.png,characters,equipment,PRODUCTION_SINGLE,shields_offhands_tools,,,,BRAMBLE_KITS_74_83.zip,BRAMBLE_74_83/82_shields_offhands_tools/leaf_kite_shield.png,9711585390c85ebed0e645ba49248a5dc09830f6b217ca0778d49740f989dab4,copied,,VISUAL_MASTER_ADJUST
A00160,characters/equipment/offhands/mining_pickaxe.png,characters,equipment,PRODUCTION_SINGLE,shields_offhands_tools,,,,BRAMBLE_KITS_74_83.zip,BRAMBLE_74_83/82_shields_offhands_tools/mining_pickaxe.png,90a234ac8a787651eefc51bffd0a14c1249e4fc72897e5c6acb86a80348f00ac,copied,,VISUAL_MASTER_ADJUST
A00161,characters/equipment/offhands/potion_holster.png,characters,equipment,PRODUCTION_SINGLE,shields_offhands_tools,,,,BRAMBLE_KITS_74_83.zip,BRAMBLE_74_83/82_shields_offhands_tools/potion_holster.png,7b23641e9eb172f96f35f22a6e9aa105b9fa078c9b707094cf2d1e8084678a10,copied,,VISUAL_MASTER_ADJUST
A00162,characters/equipment/offhands/woodcutting_hatchet.png,characters,equipment,PRODUCTION_SINGLE,shields_offhands_tools,,,,BRAMBLE_KITS_74_83.zip,BRAMBLE_74_83/82_shields_offhands_tools/woodcutting_hatchet.png,e7cf0c8947995153afec9fec973e47394e6c9045fc3c64e1773ac12f7f59670f,copied,,VISUAL_MASTER_ADJUST
A00163,characters/equipment/offhands/wooden_buckler.png,characters,equipment,PRODUCTION_SINGLE,shields_offhands_tools,,,,BRAMBLE_KITS_74_83.zip,BRAMBLE_74_83/82_shields_offhands_tools/wooden_buckler.png,5aec1f806aea14f31b1f67fd9f7f4a7742361cb23ce2b644f9f133335fc82a80,copied,,VISUAL_MASTER_ADJUST
A00164,characters/equipment/weapons/magic/amber_wand.png,characters,equipment,PRODUCTION_SINGLE,magic_weapons_focuses,,,,BRAMBLE_KITS_74_83.zip,BRAMBLE_74_83/81_magic_weapons_focuses/amber_wand.png,ae25e18dd6b5536ac13312b6f28ed3804ea12e20962a8b59f3184c0a21cd81e2,copied,,VISUAL_MASTER_ADJUST
A00165,characters/equipment/weapons/magic/apprentice_staff.png,characters,equipment,PRODUCTION_SINGLE,magic_weapons_focuses,,,,BRAMBLE_KITS_74_83.zip,BRAMBLE_74_83/81_magic_weapons_focuses/apprentice_staff.png,1b0f81122f2a6a7a0c095d0eb0214c6ca7fff417f82f2d346188322a03d7e73d,copied,,VISUAL_MASTER_ADJUST
A00166,characters/equipment/weapons/magic/closed_spellbook.png,characters,equipment,PRODUCTION_SINGLE,magic_weapons_focuses,,,,BRAMBLE_KITS_74_83.zip,BRAMBLE_74_83/81_magic_weapons_focuses/closed_spellbook.png,c702f09f9aa0588a5eec988d98ba6ce6325fefec4bfe88db441c26d4a8d91af3,copied,,VISUAL_MASTER_ADJUST
A00167,characters/equipment/weapons/magic/healer_sceptre.png,characters,equipment,PRODUCTION_SINGLE,magic_weapons_focuses,,,,BRAMBLE_KITS_74_83.zip,BRAMBLE_74_83/81_magic_weapons_focuses/healer_sceptre.png,4868d22d8cb4012406bb2509275a529298ff25ef4aef3249bb942b8c00a6c0cf,copied,,VISUAL_MASTER_ADJUST
A00168,characters/equipment/weapons/magic/leaf_mage_staff.png,characters,equipment,PRODUCTION_SINGLE,magic_weapons_focuses,,,,BRAMBLE_KITS_74_83.zip,BRAMBLE_74_83/81_magic_weapons_focuses/leaf_mage_staff.png,5dbaf0289094f3dbbb1397faca035bab215d32a96ab5d472ac236d290e3bbb6e,copied,,VISUAL_MASTER_ADJUST
A00169,characters/equipment/weapons/magic/moon_talisman.png,characters,equipment,PRODUCTION_SINGLE,magic_weapons_focuses,,,,BRAMBLE_KITS_74_83.zip,BRAMBLE_74_83/81_magic_weapons_focuses/moon_talisman.png,54c34f71bb04bdfb36774e341bc8d7781ff657a42725bfca4f6fb504a1e5dc84,copied,,VISUAL_MASTER_ADJUST
A00170,characters/equipment/weapons/magic/open_spellbook.png,characters,equipment,PRODUCTION_SINGLE,magic_weapons_focuses,,,,BRAMBLE_KITS_74_83.zip,BRAMBLE_74_83/81_magic_weapons_focuses/open_spellbook.png,1948ab782665ddbd5657e28b3f5f883aa34ef97df83acfc3bc911f519ef8d06c,copied,,VISUAL_MASTER_ADJUST
A00171,characters/equipment/weapons/magic/violet_orb.png,characters,equipment,PRODUCTION_SINGLE,magic_weapons_focuses,,,,BRAMBLE_KITS_74_83.zip,BRAMBLE_74_83/81_magic_weapons_focuses/violet_orb.png,3ad9b3f6996991ffa435d945f57a9376a1236c1ee40ea3805d3fabb311682cac,copied,,VISUAL_MASTER_ADJUST
A00172,characters/equipment/weapons/melee/adventurer_sabre.png,characters,equipment,PRODUCTION_SINGLE,melee_weapons,,,,BRAMBLE_KITS_74_83.zip,BRAMBLE_74_83/79_melee_weapons/adventurer_sabre.png,438079387931e3127b135a37e7084588d28d17d1a1a4482cca08d383ab9143a0,copied,,VISUAL_MASTER_ADJUST
A00173,characters/equipment/weapons/melee/copper_warhammer.png,characters,equipment,PRODUCTION_SINGLE,melee_weapons,,,,BRAMBLE_KITS_74_83.zip,BRAMBLE_74_83/79_melee_weapons/copper_warhammer.png,7c0ade038210e6361d701517e6a0c88e393822cb63574905c02e3d7b0a425aef,copied,,VISUAL_MASTER_ADJUST
A00174,characters/equipment/weapons/melee/forest_axe.png,characters,equipment,PRODUCTION_SINGLE,melee_weapons,,,,BRAMBLE_KITS_74_83.zip,BRAMBLE_74_83/79_melee_weapons/forest_axe.png,d3e476b37427296b98357bc91b67e16228268beba605f3e4b02cc34dac2d948b,copied,,VISUAL_MASTER_ADJUST
A00175,characters/equipment/weapons/melee/greatsword.png,characters,equipment,PRODUCTION_SINGLE,melee_weapons,,,,BRAMBLE_KITS_74_83.zip,BRAMBLE_74_83/79_melee_weapons/greatsword.png,64871c673fa75920d9107703cd39ae7f3c672e352baf5b3ce6c72a652e260e6b,copied,,VISUAL_MASTER_ADJUST
A00176,characters/equipment/weapons/melee/leaf_spear.png,characters,equipment,PRODUCTION_SINGLE,melee_weapons,,,,BRAMBLE_KITS_74_83.zip,BRAMBLE_74_83/79_melee_weapons/leaf_spear.png,c17c441695df76df9897d084610e7477617c84832b701404e147a078029afaa6,copied,,VISUAL_MASTER_ADJUST
A00177,characters/equipment/weapons/melee/longsword.png,characters,equipment,PRODUCTION_SINGLE,melee_weapons,,,,BRAMBLE_KITS_74_83.zip,BRAMBLE_74_83/79_melee_weapons/longsword.png,c939b42b28b79a954682ea6cfc207bc3b2b8549a8b31ae8193d3ff117e467794,copied,,VISUAL_MASTER_ADJUST
A00178,characters/equipment/weapons/melee/rogue_dagger.png,characters,equipment,PRODUCTION_SINGLE,melee_weapons,,,,BRAMBLE_KITS_74_83.zip,BRAMBLE_74_83/79_melee_weapons/rogue_dagger.png,11e3bfc379c35a99af585c55415613b378cb8058c8b99ad758b07de23b2fcf44,copied,,VISUAL_MASTER_ADJUST
A00179,characters/equipment/weapons/melee/short_sword.png,characters,equipment,PRODUCTION_SINGLE,melee_weapons,,,,BRAMBLE_KITS_74_83.zip,BRAMBLE_74_83/79_melee_weapons/short_sword.png,295873266f1de019718f59f767a412b58b4ae08439b8be934bf0aff9b4bf130f,copied,,VISUAL_MASTER_ADJUST
A00180,characters/equipment/weapons/ranged/agile_shortbow.png,characters,equipment,PRODUCTION_SINGLE,ranged_weapons,,,,BRAMBLE_KITS_74_83.zip,BRAMBLE_74_83/80_ranged_weapons/agile_shortbow.png,4321944b96e9b449ceb3146bb0e46b973c90aed95fb223967a5d3ac8575b38c0,copied,,VISUAL_MASTER_ADJUST
A00181,characters/equipment/weapons/ranged/copper_crossbow.png,characters,equipment,PRODUCTION_SINGLE,ranged_weapons,,,,BRAMBLE_KITS_74_83.zip,BRAMBLE_74_83/80_ranged_weapons/copper_crossbow.png,da8def3165bebe253ceeddf7ec42a7c87348f0e5c5734196476dcb23d4d662e7,copied,,VISUAL_MASTER_ADJUST
A00182,characters/equipment/weapons/ranged/dual_throwing_blades.png,characters,equipment,PRODUCTION_SINGLE,ranged_weapons,,,,BRAMBLE_KITS_74_83.zip,BRAMBLE_74_83/80_ranged_weapons/dual_throwing_blades.png,3308601bab27fa24fa1acc10925bcb22b5f3375ebf00dda499cc33c2f22052bf,copied,,VISUAL_MASTER_ADJUST
A00183,characters/equipment/weapons/ranged/hand_crossbow.png,characters,equipment,PRODUCTION_SINGLE,ranged_weapons,,,,BRAMBLE_KITS_74_83.zip,BRAMBLE_74_83/80_ranged_weapons/hand_crossbow.png,5081b1a4f0a7530ca54ee8c5eeb1fc4a68d64e90da32610d7338835cd6657ba1,copied,,VISUAL_MASTER_ADJUST
A00184,characters/equipment/weapons/ranged/leaf_quiver.png,characters,equipment,PRODUCTION_SINGLE,ranged_weapons,,,,BRAMBLE_KITS_74_83.zip,BRAMBLE_74_83/80_ranged_weapons/leaf_quiver.png,fe480f2ab8cc5d51cd6627c9ddfd18a121ac372220f68e978dc68bb3a1f06ee9,copied,,VISUAL_MASTER_ADJUST
A00185,characters/equipment/weapons/ranged/recurve_bow.png,characters,equipment,PRODUCTION_SINGLE,ranged_weapons,,,,BRAMBLE_KITS_74_83.zip,BRAMBLE_74_83/80_ranged_weapons/recurve_bow.png,2666ec56f41982610ca143958125586341b17076d5777e2356014a2b0093a5b7,copied,,VISUAL_MASTER_ADJUST
A00186,characters/equipment/weapons/ranged/trainee_bow.png,characters,equipment,PRODUCTION_SINGLE,ranged_weapons,,,,BRAMBLE_KITS_74_83.zip,BRAMBLE_74_83/80_ranged_weapons/trainee_bow.png,06b47d4e53deea7176a05fd9a54c61f95ce753c9cd6b4da0c0b7b3985ce71d43,copied,,VISUAL_MASTER_ADJUST
A00187,characters/equipment/weapons/ranged/woodland_longbow.png,characters,equipment,PRODUCTION_SINGLE,ranged_weapons,,,,BRAMBLE_KITS_74_83.zip,BRAMBLE_74_83/80_ranged_weapons/woodland_longbow.png,87f3f4aaa6578b8d9c5ba17e168af47e3bf3e3a16f02dc965c6d358a007b1856,copied,,VISUAL_MASTER_ADJUST
A00188,characters/equipment/weapons/weapons_separate.png,characters,equipment,PRODUCTION_LAYER,kit_07_bundle,,,,BRAMBLE_10_Asset_Kits.zip,BRAMBLE_10_Asset_Kits/equipment/weapons_separate.png,1080d27a8a941c5f1c6e0e201afd059768abe40dff287bdeb2c89b89249c96ba,copied,,VISUAL_MASTER_ADJUST
A00189,characters/specialists/ember_knight_specialist/master.png,characters,specialists,MASTER,ember_knight_specialist,,,,BRAMBLE_44_48.zip,BRAMBLE_44_48/48_ember_knight_specialist_male_female/master.png,3d66d47c4eaf1bc079a7046c012771a5b119054d48c61408b93bc473285d4fe9,copied,,VISUAL_MASTER_ADJUST
A00190,characters/specialists/skills_specialist_progression_ui/master.png,characters,specialists,MASTER,skills_specialist_progression_ui,,,,BRAMBLE_KITS_74_83.zip,BRAMBLE_74_83/77_skills_specialist_progression_ui/master.png,bfd6e8a60cbb7f3d7eb741d7ddf0466ad03f5b1f3616265a93c56f19edb888b0,copied,,VISUAL_MASTER_ADJUST
A00191,characters/specialists/skills_specialist_progression_ui/skill_tree_panel.png,characters,specialists,PRODUCTION_SINGLE,skills_specialist_progression_ui,,,,BRAMBLE_KITS_74_83.zip,BRAMBLE_74_83/77_skills_specialist_progression_ui/skill_tree_panel.png,542026fd40a690380963593fa6784d21f219c0ccd7b695de4917d67a0f443c72,copied,,VISUAL_MASTER_ADJUST
A00192,characters/specialists/skills_specialist_progression_ui/specialist_frame_tier_01.png,characters,specialists,PRODUCTION_SINGLE,skills_specialist_progression_ui,,,,BRAMBLE_KITS_74_83.zip,BRAMBLE_74_83/77_skills_specialist_progression_ui/specialist_frame_tier_01.png,ab88410960d5cae31dcc289234a78600d6ef7ff73c290280022a6f650d656535,copied,,VISUAL_MASTER_ADJUST
A00193,characters/specialists/skills_specialist_progression_ui/specialist_frame_tier_05.png,characters,specialists,PRODUCTION_SINGLE,skills_specialist_progression_ui,,,,BRAMBLE_KITS_74_83.zip,BRAMBLE_74_83/77_skills_specialist_progression_ui/specialist_frame_tier_05.png,8ef438c226ed0e2b620a98ca853ecd7cfbc2541a870f6ec8cba96e16b480838c,copied,,VISUAL_MASTER_ADJUST
A00194,characters/specialists/skills_specialist_progression_ui/specialist_frame_tier_10.png,characters,specialists,PRODUCTION_SINGLE,skills_specialist_progression_ui,,,,BRAMBLE_KITS_74_83.zip,BRAMBLE_74_83/77_skills_specialist_progression_ui/specialist_frame_tier_10.png,42bac52c953cff07c86e766525435b085656295d73358ea72f8befead1261180,copied,,VISUAL_MASTER_ADJUST
A00195,characters/specialists/skills_specialist_progression_ui/specialist_frame_tier_15.png,characters,specialists,PRODUCTION_SINGLE,skills_specialist_progression_ui,,,,BRAMBLE_KITS_74_83.zip,BRAMBLE_74_83/77_skills_specialist_progression_ui/specialist_frame_tier_15.png,34bf36a420743667a75ed2010a18cdf6725141437e74b46c4288ced0f0c165e3,copied,,VISUAL_MASTER_ADJUST
A00196,characters/specialists/skills_specialist_progression_ui/specialist_upgrade_panel.png,characters,specialists,PRODUCTION_SINGLE,skills_specialist_progression_ui,,,,BRAMBLE_KITS_74_83.zip,BRAMBLE_74_83/77_skills_specialist_progression_ui/specialist_upgrade_panel.png,a316b66c4115dcaa73fcd4d0196005e925aafebb7dde98334ce49d5781cb70e5,copied,,VISUAL_MASTER_ADJUST
A00197,characters/specialists/skins/female.png,characters,specialists,PRODUCTION_LAYER,kit_10_bundle,,,,BRAMBLE_10_Asset_Kits.zip,BRAMBLE_10_Asset_Kits/specialists/skins_female.png,4363eed101be90f94f450ed73a3b77feec32072dca01e237534a02b36aecdff9,copied,,VISUAL_MASTER_ADJUST
A00198,characters/specialists/skins/male.png,characters,specialists,PRODUCTION_LAYER,kit_10_bundle,,,,BRAMBLE_10_Asset_Kits.zip,BRAMBLE_10_Asset_Kits/specialists/skins_male.png,849d847452096e04a4583bfb796b535035414f1cf9feae212bc29a303f6b2ce4,copied,,VISUAL_MASTER_ADJUST
A00199,characters/specialists/specialist_wings/master.png,characters,specialists,MASTER,specialist_wings,,,,BRAMBLE_30_35.zip,BRAMBLE_30_35/35_specialist_wings/master.png,65e23d330076884c3f294f77c12ef883919b16232c62e8d6bf09f45eeb7b6bf0,copied,,VISUAL_MASTER_ADJUST
A00200,characters/specialists/wings/comparison_crystal_keeper.jpg,characters,specialists,PRODUCTION_SINGLE,specialist_wings,,,,BRAMBLE_30_35.zip,BRAMBLE_30_35/35_specialist_wings/comparison_crystal_keeper.jpg,298b2b6956e531731ca49867d1547263c33741d98601559b48b75d9003d5209e,copied,,VISUAL_MASTER_ADJUST
A00201,characters/specialists/wings/comparison_ember_knight.jpg,characters,specialists,PRODUCTION_SINGLE,specialist_wings,,,,BRAMBLE_30_35.zip,BRAMBLE_30_35/35_specialist_wings/comparison_ember_knight.jpg,37e7b69502de6943fd04a007c50b3ff4adf459cb7aa1cb9c9e32aea8fd79e757,copied,,VISUAL_MASTER_ADJUST
A00202,characters/specialists/wings/comparison_moon_weaver.jpg,characters,specialists,PRODUCTION_SINGLE,specialist_wings,,,,BRAMBLE_30_35.zip,BRAMBLE_30_35/35_specialist_wings/comparison_moon_weaver.jpg,43dd319468d5e0c2bce6af487d533ba3a8d66a2c44fb0d5b728d7b7486ac79f7,copied,,VISUAL_MASTER_ADJUST
A00203,characters/specialists/wings/comparison_moss_guardian.jpg,characters,specialists,PRODUCTION_SINGLE,specialist_wings,,,,BRAMBLE_30_35.zip,BRAMBLE_30_35/35_specialist_wings/comparison_moss_guardian.jpg,3ad762c32a0fe225f9e9650224fa1a08caf153a8d6c34720788dc609ce653c98,copied,,VISUAL_MASTER_ADJUST
A00204,characters/specialists/wings/crystal_keeper.png,characters,specialists,PRODUCTION_SINGLE,specialist_wings,,,,BRAMBLE_30_35.zip,BRAMBLE_30_35/35_specialist_wings/crystal_keeper.png,c68a04bc818cf2226f7f9ca7d5d6229cf5b2844900ad2add9c9ea4dba8607b96,copied,,VISUAL_MASTER_ADJUST
A00205,characters/specialists/wings/crystal_keeper_plus_01.png,characters,specialists,PRODUCTION_SINGLE,specialist_wings,,,,BRAMBLE_30_35.zip,BRAMBLE_30_35/35_specialist_wings/evolution/crystal_keeper_plus_01.png,f9cbb7833558382b112146686436c32c8b7bcfeca5d97a55fe78fa40c2ccebdf,copied,,VISUAL_MASTER_ADJUST
A00206,characters/specialists/wings/crystal_keeper_plus_01_card.png,characters,specialists,PRODUCTION_SINGLE,specialist_wings,,,,BRAMBLE_30_35.zip,BRAMBLE_30_35/35_specialist_wings/evolution_cards/crystal_keeper_plus_01_card.png,b394bcfe6dcdde99b591dee1527c69f69ea3918aeda8ab7de0c73cfdd8ec7a50,copied,,VISUAL_MASTER_ADJUST
A00207,characters/specialists/wings/crystal_keeper_plus_02.png,characters,specialists,PRODUCTION_SINGLE,specialist_wings,,,,BRAMBLE_30_35.zip,BRAMBLE_30_35/35_specialist_wings/evolution/crystal_keeper_plus_02.png,b64846c1897657d1fe114977b0e0a2f4b5f5ab6edeca41a8c2a74c8b118d2a74,copied,,VISUAL_MASTER_ADJUST
A00208,characters/specialists/wings/crystal_keeper_plus_02_card.png,characters,specialists,PRODUCTION_SINGLE,specialist_wings,,,,BRAMBLE_30_35.zip,BRAMBLE_30_35/35_specialist_wings/evolution_cards/crystal_keeper_plus_02_card.png,c9dbee8ec7ecd9aaea041acdf7a8b308ca1b473d7249f060d11f80efb86aa8e1,copied,,VISUAL_MASTER_ADJUST
A00209,characters/specialists/wings/crystal_keeper_plus_03.png,characters,specialists,PRODUCTION_SINGLE,specialist_wings,,,,BRAMBLE_30_35.zip,BRAMBLE_30_35/35_specialist_wings/evolution/crystal_keeper_plus_03.png,3edd8830d99bfe4acc07c55b407699551540e335d62ec782b0024d6696758754,copied,,VISUAL_MASTER_ADJUST
A00210,characters/specialists/wings/crystal_keeper_plus_03_card.png,characters,specialists,PRODUCTION_SINGLE,specialist_wings,,,,BRAMBLE_30_35.zip,BRAMBLE_30_35/35_specialist_wings/evolution_cards/crystal_keeper_plus_03_card.png,32cafe20bf2024031e62f3b02e6e244732530602065f6349eb53a2068c0ec419,copied,,VISUAL_MASTER_ADJUST
A00211,characters/specialists/wings/crystal_keeper_plus_04.png,characters,specialists,PRODUCTION_SINGLE,specialist_wings,,,,BRAMBLE_30_35.zip,BRAMBLE_30_35/35_specialist_wings/evolution/crystal_keeper_plus_04.png,068d81dbed66ca918f8e08fdc3ab811cd3f3dcbff95856f7f96eac435c511908,copied,,VISUAL_MASTER_ADJUST
A00212,characters/specialists/wings/crystal_keeper_plus_04_card.png,characters,specialists,PRODUCTION_SINGLE,specialist_wings,,,,BRAMBLE_30_35.zip,BRAMBLE_30_35/35_specialist_wings/evolution_cards/crystal_keeper_plus_04_card.png,a06c5f5ed509f0832f4d4956b3ad8d9e4a07464bdcf8c46eb585af7811f3de09,copied,,VISUAL_MASTER_ADJUST
A00213,characters/specialists/wings/crystal_keeper_plus_05.png,characters,specialists,PRODUCTION_SINGLE,specialist_wings,,,,BRAMBLE_30_35.zip,BRAMBLE_30_35/35_specialist_wings/evolution/crystal_keeper_plus_05.png,4021773bcb7e3765e5dcc653bd5121a5d9b65ca5035c21239fb8f13a2eb79032,copied,,VISUAL_MASTER_ADJUST
A00214,characters/specialists/wings/crystal_keeper_plus_05_card.png,characters,specialists,PRODUCTION_SINGLE,specialist_wings,,,,BRAMBLE_30_35.zip,BRAMBLE_30_35/35_specialist_wings/evolution_cards/crystal_keeper_plus_05_card.png,87d050da31ea7c3cab1ccc9720a653cdc9b519cb91d0f887a1efdfb45a2db14d,copied,,VISUAL_MASTER_ADJUST
A00215,characters/specialists/wings/crystal_keeper_plus_06.png,characters,specialists,PRODUCTION_SINGLE,specialist_wings,,,,BRAMBLE_30_35.zip,BRAMBLE_30_35/35_specialist_wings/evolution/crystal_keeper_plus_06.png,e1c4e7785895315accacff3b0e2878f4a8812ecbcd1746646619d233e85d9030,copied,,VISUAL_MASTER_ADJUST
A00216,characters/specialists/wings/crystal_keeper_plus_06_card.png,characters,specialists,PRODUCTION_SINGLE,specialist_wings,,,,BRAMBLE_30_35.zip,BRAMBLE_30_35/35_specialist_wings/evolution_cards/crystal_keeper_plus_06_card.png,0c64d6d41c9807921076f540452886b0dd6ed55fbed7c1aee02b57520d21b0de,copied,,VISUAL_MASTER_ADJUST
A00217,characters/specialists/wings/crystal_keeper_plus_07.png,characters,specialists,PRODUCTION_SINGLE,specialist_wings,,,,BRAMBLE_30_35.zip,BRAMBLE_30_35/35_specialist_wings/evolution/crystal_keeper_plus_07.png,02e6633bbed9f15c57e18ab9c6416692c695368dcca29fb541a37db23c44e136,copied,,VISUAL_MASTER_ADJUST
A00218,characters/specialists/wings/crystal_keeper_plus_07_card.png,characters,specialists,PRODUCTION_SINGLE,specialist_wings,,,,BRAMBLE_30_35.zip,BRAMBLE_30_35/35_specialist_wings/evolution_cards/crystal_keeper_plus_07_card.png,205a784661e3f6f63e3f649d6ac6a5719099b3854575ccbc871192e4a792c1d8,copied,,VISUAL_MASTER_ADJUST
A00219,characters/specialists/wings/crystal_keeper_plus_08.png,characters,specialists,PRODUCTION_SINGLE,specialist_wings,,,,BRAMBLE_30_35.zip,BRAMBLE_30_35/35_specialist_wings/evolution/crystal_keeper_plus_08.png,bfe9f603eec20e064cf0e4b0bbf7541774d09e2636f6294982c6c01efae44523,copied,,VISUAL_MASTER_ADJUST
A00220,characters/specialists/wings/crystal_keeper_plus_08_card.png,characters,specialists,PRODUCTION_SINGLE,specialist_wings,,,,BRAMBLE_30_35.zip,BRAMBLE_30_35/35_specialist_wings/evolution_cards/crystal_keeper_plus_08_card.png,f990da3ce2087d6da684881bfc6e6d0ea1e5c570865f0e8c28d586089a7a4011,copied,,VISUAL_MASTER_ADJUST
A00221,characters/specialists/wings/crystal_keeper_plus_09.png,characters,specialists,PRODUCTION_SINGLE,specialist_wings,,,,BRAMBLE_30_35.zip,BRAMBLE_30_35/35_specialist_wings/evolution/crystal_keeper_plus_09.png,a3771fc6d738830a8752226c634101f6b97373666c2af1bb2aa46055a6cc18e2,copied,,VISUAL_MASTER_ADJUST
A00222,characters/specialists/wings/crystal_keeper_plus_09_card.png,characters,specialists,PRODUCTION_SINGLE,specialist_wings,,,,BRAMBLE_30_35.zip,BRAMBLE_30_35/35_specialist_wings/evolution_cards/crystal_keeper_plus_09_card.png,a8b1f3e595c041b9fecb5fdb9380f93d46bb2085c60a9813a7f0db221af130c0,copied,,VISUAL_MASTER_ADJUST
A00223,characters/specialists/wings/crystal_keeper_plus_10.png,characters,specialists,PRODUCTION_SINGLE,specialist_wings,,,,BRAMBLE_30_35.zip,BRAMBLE_30_35/35_specialist_wings/evolution/crystal_keeper_plus_10.png,974c5d9fddac167e638dd092a8c9c50e1a9ce899ae5011078410b56c77442010,copied,,VISUAL_MASTER_ADJUST
A00224,characters/specialists/wings/crystal_keeper_plus_10_card.png,characters,specialists,PRODUCTION_SINGLE,specialist_wings,,,,BRAMBLE_30_35.zip,BRAMBLE_30_35/35_specialist_wings/evolution_cards/crystal_keeper_plus_10_card.png,fdaed74abad34d4ca557eb063d9d4baab8caf97fc55c518586cdbd5ab5b1c30b,copied,,VISUAL_MASTER_ADJUST
A00225,characters/specialists/wings/crystal_keeper_plus_11.png,characters,specialists,PRODUCTION_SINGLE,specialist_wings,,,,BRAMBLE_30_35.zip,BRAMBLE_30_35/35_specialist_wings/evolution/crystal_keeper_plus_11.png,601a6cd475d4d52e8b9d51b1ac6c88d1567dd09402c75d4e18bf2e00b26cd775,copied,,VISUAL_MASTER_ADJUST
A00226,characters/specialists/wings/crystal_keeper_plus_11_card.png,characters,specialists,PRODUCTION_SINGLE,specialist_wings,,,,BRAMBLE_30_35.zip,BRAMBLE_30_35/35_specialist_wings/evolution_cards/crystal_keeper_plus_11_card.png,23dc8e3cca1218d23a9ae138c98877fde1046678bc070932def08a03be621f86,copied,,VISUAL_MASTER_ADJUST
A00227,characters/specialists/wings/crystal_keeper_plus_12.png,characters,specialists,PRODUCTION_SINGLE,specialist_wings,,,,BRAMBLE_30_35.zip,BRAMBLE_30_35/35_specialist_wings/evolution/crystal_keeper_plus_12.png,f5da45fa1d955df3a16f6b6a0f8f273d304e1df62c0c2abe8fc9790040e943b5,copied,,VISUAL_MASTER_ADJUST
A00228,characters/specialists/wings/crystal_keeper_plus_12_card.png,characters,specialists,PRODUCTION_SINGLE,specialist_wings,,,,BRAMBLE_30_35.zip,BRAMBLE_30_35/35_specialist_wings/evolution_cards/crystal_keeper_plus_12_card.png,4a0a8223eee1b3e24c2c7a13004c74690c6db8c28c9c5c82f85cb3834b098314,copied,,VISUAL_MASTER_ADJUST
A00229,characters/specialists/wings/crystal_keeper_plus_13.png,characters,specialists,PRODUCTION_SINGLE,specialist_wings,,,,BRAMBLE_30_35.zip,BRAMBLE_30_35/35_specialist_wings/evolution/crystal_keeper_plus_13.png,2704c9bda79648aa778eea14de8c0adf37c5a89571ec8589c94bcfefc2e6d8a4,copied,,VISUAL_MASTER_ADJUST
A00230,characters/specialists/wings/crystal_keeper_plus_13_card.png,characters,specialists,PRODUCTION_SINGLE,specialist_wings,,,,BRAMBLE_30_35.zip,BRAMBLE_30_35/35_specialist_wings/evolution_cards/crystal_keeper_plus_13_card.png,1abc1c47d0b0ce2d0450214a7590344e1eac6f734e0eb116180f7912177f4c12,copied,,VISUAL_MASTER_ADJUST
A00231,characters/specialists/wings/crystal_keeper_plus_14.png,characters,specialists,PRODUCTION_SINGLE,specialist_wings,,,,BRAMBLE_30_35.zip,BRAMBLE_30_35/35_specialist_wings/evolution/crystal_keeper_plus_14.png,99b0175650de194ed258ed8586310a163fc6e803b4fe0e65fe8047ceee0adbb3,copied,,VISUAL_MASTER_ADJUST
A00232,characters/specialists/wings/crystal_keeper_plus_14_card.png,characters,specialists,PRODUCTION_SINGLE,specialist_wings,,,,BRAMBLE_30_35.zip,BRAMBLE_30_35/35_specialist_wings/evolution_cards/crystal_keeper_plus_14_card.png,9908fa7dad3e74370045ac65ae6d1601e9dc86ffb5f69337f7e67e34ae298133,copied,,VISUAL_MASTER_ADJUST
A00233,characters/specialists/wings/crystal_keeper_plus_15.png,characters,specialists,PRODUCTION_SINGLE,specialist_wings,,,,BRAMBLE_30_35.zip,BRAMBLE_30_35/35_specialist_wings/evolution/crystal_keeper_plus_15.png,c4c77856bc92d74d62d3f9f38dd8043691403b97596e079ecf6f6a863afe5f5b,copied,,VISUAL_MASTER_ADJUST
A00234,characters/specialists/wings/crystal_keeper_plus_15_card.png,characters,specialists,PRODUCTION_SINGLE,specialist_wings,,,,BRAMBLE_30_35.zip,BRAMBLE_30_35/35_specialist_wings/evolution_cards/crystal_keeper_plus_15_card.png,5185431b6f9198e23eb1a0cf30b8ed31106e96698f7619871fe8c28b01fb3ec2,copied,,VISUAL_MASTER_ADJUST
A00235,characters/specialists/wings/ember_knight.png,characters,specialists,PRODUCTION_SINGLE,specialist_wings,,,,BRAMBLE_30_35.zip,BRAMBLE_30_35/35_specialist_wings/ember_knight.png,694d22d9d59ce315ec9dbd60d5f022022d77db3efa4d7f4a1443f66464b953d7,copied,,VISUAL_MASTER_ADJUST
A00236,characters/specialists/wings/ember_knight_plus_01.png,characters,specialists,PRODUCTION_SINGLE,specialist_wings,,,,BRAMBLE_30_35.zip,BRAMBLE_30_35/35_specialist_wings/evolution/ember_knight_plus_01.png,75aaf5e4b56e655fa968f5f9291e07bb288456f043ad2b3d3064468542e19795,copied,,VISUAL_MASTER_ADJUST
A00237,characters/specialists/wings/ember_knight_plus_01_card.png,characters,specialists,PRODUCTION_SINGLE,specialist_wings,,,,BRAMBLE_30_35.zip,BRAMBLE_30_35/35_specialist_wings/evolution_cards/ember_knight_plus_01_card.png,de01762206da9aa30093b897c9d225bc99e615bb92d772d5294633d44ba357a1,copied,,VISUAL_MASTER_ADJUST
A00238,characters/specialists/wings/ember_knight_plus_02.png,characters,specialists,PRODUCTION_SINGLE,specialist_wings,,,,BRAMBLE_30_35.zip,BRAMBLE_30_35/35_specialist_wings/evolution/ember_knight_plus_02.png,e09acf7614129dba68fbccb9087568f2874268cac2f71f2ee5dff2cee3acac89,copied,,VISUAL_MASTER_ADJUST
A00239,characters/specialists/wings/ember_knight_plus_02_card.png,characters,specialists,PRODUCTION_SINGLE,specialist_wings,,,,BRAMBLE_30_35.zip,BRAMBLE_30_35/35_specialist_wings/evolution_cards/ember_knight_plus_02_card.png,ad0bd4fddcca6b189175bb9d5d6f835130aee9daccdf8de81509601759c4dc31,copied,,VISUAL_MASTER_ADJUST
A00240,characters/specialists/wings/ember_knight_plus_03.png,characters,specialists,PRODUCTION_SINGLE,specialist_wings,,,,BRAMBLE_30_35.zip,BRAMBLE_30_35/35_specialist_wings/evolution/ember_knight_plus_03.png,73aeed1d7930f2b3872be2a3d61ccf2ff12bb8e8e5419289c3853e18118da121,copied,,VISUAL_MASTER_ADJUST
A00241,characters/specialists/wings/ember_knight_plus_03_card.png,characters,specialists,PRODUCTION_SINGLE,specialist_wings,,,,BRAMBLE_30_35.zip,BRAMBLE_30_35/35_specialist_wings/evolution_cards/ember_knight_plus_03_card.png,777c041c577c12ff9d14046a281b08f81b22d85db3630a1f20af1bcb26b79331,copied,,VISUAL_MASTER_ADJUST
A00242,characters/specialists/wings/ember_knight_plus_04.png,characters,specialists,PRODUCTION_SINGLE,specialist_wings,,,,BRAMBLE_30_35.zip,BRAMBLE_30_35/35_specialist_wings/evolution/ember_knight_plus_04.png,a613bdef2ef14be7c7d3989db8124c1075dcba5c4e0147e4cd4925c7c5047f03,copied,,VISUAL_MASTER_ADJUST
A00243,characters/specialists/wings/ember_knight_plus_04_card.png,characters,specialists,PRODUCTION_SINGLE,specialist_wings,,,,BRAMBLE_30_35.zip,BRAMBLE_30_35/35_specialist_wings/evolution_cards/ember_knight_plus_04_card.png,8a65dfcacee611012f6421c7ca19788b65e2085d90861f594ff3006024086931,copied,,VISUAL_MASTER_ADJUST
A00244,characters/specialists/wings/ember_knight_plus_05.png,characters,specialists,PRODUCTION_SINGLE,specialist_wings,,,,BRAMBLE_30_35.zip,BRAMBLE_30_35/35_specialist_wings/evolution/ember_knight_plus_05.png,4cd3e4e340f33932c82b5e7933c9f66ebb9ad2d46d82c66ea3a207c54fa30c9b,copied,,VISUAL_MASTER_ADJUST
A00245,characters/specialists/wings/ember_knight_plus_05_card.png,characters,specialists,PRODUCTION_SINGLE,specialist_wings,,,,BRAMBLE_30_35.zip,BRAMBLE_30_35/35_specialist_wings/evolution_cards/ember_knight_plus_05_card.png,6068830fbeffc7955fac2aba51c8d4b1095839fde6b33125b9ec53591e176c96,copied,,VISUAL_MASTER_ADJUST
A00246,characters/specialists/wings/ember_knight_plus_06.png,characters,specialists,PRODUCTION_SINGLE,specialist_wings,,,,BRAMBLE_30_35.zip,BRAMBLE_30_35/35_specialist_wings/evolution/ember_knight_plus_06.png,ba0cb9dff055a511b8a308a527857d8c12c00213e3954b7eeffe6983b8462466,copied,,VISUAL_MASTER_ADJUST
A00247,characters/specialists/wings/ember_knight_plus_06_card.png,characters,specialists,PRODUCTION_SINGLE,specialist_wings,,,,BRAMBLE_30_35.zip,BRAMBLE_30_35/35_specialist_wings/evolution_cards/ember_knight_plus_06_card.png,3ec224e85565af2e93f74114a464796b345ae0baa34faca2a5041b86b71f5fb2,copied,,VISUAL_MASTER_ADJUST
A00248,characters/specialists/wings/ember_knight_plus_07.png,characters,specialists,PRODUCTION_SINGLE,specialist_wings,,,,BRAMBLE_30_35.zip,BRAMBLE_30_35/35_specialist_wings/evolution/ember_knight_plus_07.png,2a57ce9dbc1312d5e6ed7e52b5e565a0f9de2251c727806c6a49e0cc99544e66,copied,,VISUAL_MASTER_ADJUST
A00249,characters/specialists/wings/ember_knight_plus_07_card.png,characters,specialists,PRODUCTION_SINGLE,specialist_wings,,,,BRAMBLE_30_35.zip,BRAMBLE_30_35/35_specialist_wings/evolution_cards/ember_knight_plus_07_card.png,f64bc1768692f39b759af8d4312c7b04ea7086a57954aab88fe9e39d2c5246f3,copied,,VISUAL_MASTER_ADJUST
A00250,characters/specialists/wings/ember_knight_plus_08.png,characters,specialists,PRODUCTION_SINGLE,specialist_wings,,,,BRAMBLE_30_35.zip,BRAMBLE_30_35/35_specialist_wings/evolution/ember_knight_plus_08.png,3ff6cd674c92042d235194913b771c8c22c26f7c2cc592bab493d9865a48d61d,copied,,VISUAL_MASTER_ADJUST
A00251,characters/specialists/wings/ember_knight_plus_08_card.png,characters,specialists,PRODUCTION_SINGLE,specialist_wings,,,,BRAMBLE_30_35.zip,BRAMBLE_30_35/35_specialist_wings/evolution_cards/ember_knight_plus_08_card.png,64e42bac126fbc7799a126712e06650eef8dbdeb7abd2bb7ec356c768d98b944,copied,,VISUAL_MASTER_ADJUST
A00252,characters/specialists/wings/ember_knight_plus_09.png,characters,specialists,PRODUCTION_SINGLE,specialist_wings,,,,BRAMBLE_30_35.zip,BRAMBLE_30_35/35_specialist_wings/evolution/ember_knight_plus_09.png,de77e7e05747a53421e9985b90000ba54783e401d70591cda2494c5c3b71ad45,copied,,VISUAL_MASTER_ADJUST
A00253,characters/specialists/wings/ember_knight_plus_09_card.png,characters,specialists,PRODUCTION_SINGLE,specialist_wings,,,,BRAMBLE_30_35.zip,BRAMBLE_30_35/35_specialist_wings/evolution_cards/ember_knight_plus_09_card.png,6140175851d530d8bb1416216b5203c42ab359dfa9c31507faa7cd9b4f0df727,copied,,VISUAL_MASTER_ADJUST
A00254,characters/specialists/wings/ember_knight_plus_10.png,characters,specialists,PRODUCTION_SINGLE,specialist_wings,,,,BRAMBLE_30_35.zip,BRAMBLE_30_35/35_specialist_wings/evolution/ember_knight_plus_10.png,9385834cb3ef971e90a92c38103212db50b4d223a28ee035c587ea0809056b6a,copied,,VISUAL_MASTER_ADJUST
A00255,characters/specialists/wings/ember_knight_plus_10_card.png,characters,specialists,PRODUCTION_SINGLE,specialist_wings,,,,BRAMBLE_30_35.zip,BRAMBLE_30_35/35_specialist_wings/evolution_cards/ember_knight_plus_10_card.png,f64e59c02b4dc07a794f2fa9c0475f2779caa0ce0e832b651458549e193fc009,copied,,VISUAL_MASTER_ADJUST
A00256,characters/specialists/wings/ember_knight_plus_11.png,characters,specialists,PRODUCTION_SINGLE,specialist_wings,,,,BRAMBLE_30_35.zip,BRAMBLE_30_35/35_specialist_wings/evolution/ember_knight_plus_11.png,ceb24b47be269fbcf6af285c96559f41c398e41f71d484bac6557a74ced9db4a,copied,,VISUAL_MASTER_ADJUST
A00257,characters/specialists/wings/ember_knight_plus_11_card.png,characters,specialists,PRODUCTION_SINGLE,specialist_wings,,,,BRAMBLE_30_35.zip,BRAMBLE_30_35/35_specialist_wings/evolution_cards/ember_knight_plus_11_card.png,69e7d4a2d0d2c5b235e8acebca5d8dd84d66d83d56672d1a3d7c9ca85c4d562d,copied,,VISUAL_MASTER_ADJUST
A00258,characters/specialists/wings/ember_knight_plus_12.png,characters,specialists,PRODUCTION_SINGLE,specialist_wings,,,,BRAMBLE_30_35.zip,BRAMBLE_30_35/35_specialist_wings/evolution/ember_knight_plus_12.png,16af9e37141454d97f22cb5ce6dbd5e9d6fe7e7abdb02cf3a559633d7b3e298e,copied,,VISUAL_MASTER_ADJUST
A00259,characters/specialists/wings/ember_knight_plus_12_card.png,characters,specialists,PRODUCTION_SINGLE,specialist_wings,,,,BRAMBLE_30_35.zip,BRAMBLE_30_35/35_specialist_wings/evolution_cards/ember_knight_plus_12_card.png,cb76a8482dcbd86ed4834d5ba9ff857f5d67ac8ba551bafec57551c123cd54b6,copied,,VISUAL_MASTER_ADJUST
A00260,characters/specialists/wings/ember_knight_plus_13.png,characters,specialists,PRODUCTION_SINGLE,specialist_wings,,,,BRAMBLE_30_35.zip,BRAMBLE_30_35/35_specialist_wings/evolution/ember_knight_plus_13.png,b1b536046a1bde4832cc1d7bd212da06ab9db4995702c9373ba12cedf2f63bd2,copied,,VISUAL_MASTER_ADJUST
A00261,characters/specialists/wings/ember_knight_plus_13_card.png,characters,specialists,PRODUCTION_SINGLE,specialist_wings,,,,BRAMBLE_30_35.zip,BRAMBLE_30_35/35_specialist_wings/evolution_cards/ember_knight_plus_13_card.png,091a03f51870910ff7663fa326a6c569dbd339c0206a31940ef02b788ceebbaf,copied,,VISUAL_MASTER_ADJUST
A00262,characters/specialists/wings/ember_knight_plus_14.png,characters,specialists,PRODUCTION_SINGLE,specialist_wings,,,,BRAMBLE_30_35.zip,BRAMBLE_30_35/35_specialist_wings/evolution/ember_knight_plus_14.png,d96a2083d78fb170b842499fd33b99e2bc5643e12d4de7d874823d8564548841,copied,,VISUAL_MASTER_ADJUST
A00263,characters/specialists/wings/ember_knight_plus_14_card.png,characters,specialists,PRODUCTION_SINGLE,specialist_wings,,,,BRAMBLE_30_35.zip,BRAMBLE_30_35/35_specialist_wings/evolution_cards/ember_knight_plus_14_card.png,8d2d36929da7a85613caf2080845b04237bfeedb0e6239ecdde973d87c1a4b9f,copied,,VISUAL_MASTER_ADJUST
A00264,characters/specialists/wings/ember_knight_plus_15.png,characters,specialists,PRODUCTION_SINGLE,specialist_wings,,,,BRAMBLE_30_35.zip,BRAMBLE_30_35/35_specialist_wings/evolution/ember_knight_plus_15.png,6a9cb87d34fd8860778dc392d90ce70133889143801a3c78c344a9c1da7b3405,copied,,VISUAL_MASTER_ADJUST
A00265,characters/specialists/wings/ember_knight_plus_15_card.png,characters,specialists,PRODUCTION_SINGLE,specialist_wings,,,,BRAMBLE_30_35.zip,BRAMBLE_30_35/35_specialist_wings/evolution_cards/ember_knight_plus_15_card.png,5d66e833e56bb6308668dd687ef461fd1ab4a9cb900e918cb44684a36fefb4f8,copied,,VISUAL_MASTER_ADJUST
A00266,characters/specialists/wings/moon_weaver.png,characters,specialists,PRODUCTION_SINGLE,specialist_wings,,,,BRAMBLE_30_35.zip,BRAMBLE_30_35/35_specialist_wings/moon_weaver.png,81ed01d629a358ac54b1db5d658bf51dec4df8df1260884538152d382ea2cd01,copied,,VISUAL_MASTER_ADJUST
A00267,characters/specialists/wings/moon_weaver_plus_01.png,characters,specialists,PRODUCTION_SINGLE,specialist_wings,,,,BRAMBLE_30_35.zip,BRAMBLE_30_35/35_specialist_wings/evolution/moon_weaver_plus_01.png,ff6f5fe9a45ecef01f497da9af813c57f009e4ab6e550b4a85b4cead1ed4c457,copied,,VISUAL_MASTER_ADJUST
A00268,characters/specialists/wings/moon_weaver_plus_01_card.png,characters,specialists,PRODUCTION_SINGLE,specialist_wings,,,,BRAMBLE_30_35.zip,BRAMBLE_30_35/35_specialist_wings/evolution_cards/moon_weaver_plus_01_card.png,3ac558709832974726bc978954801542d68f8822807c4b1e4b3e22298c62e578,copied,,VISUAL_MASTER_ADJUST
A00269,characters/specialists/wings/moon_weaver_plus_02.png,characters,specialists,PRODUCTION_SINGLE,specialist_wings,,,,BRAMBLE_30_35.zip,BRAMBLE_30_35/35_specialist_wings/evolution/moon_weaver_plus_02.png,eacae65d877d9bd1f1a3d2bb4747250b3ce2ede572d714333a18dc159f04f63d,copied,,VISUAL_MASTER_ADJUST
A00270,characters/specialists/wings/moon_weaver_plus_02_card.png,characters,specialists,PRODUCTION_SINGLE,specialist_wings,,,,BRAMBLE_30_35.zip,BRAMBLE_30_35/35_specialist_wings/evolution_cards/moon_weaver_plus_02_card.png,3ae9516f0e413f95e6b4e577d7fcc670d7d3e76b10241d2a638317088e5e42c3,copied,,VISUAL_MASTER_ADJUST
A00271,characters/specialists/wings/moon_weaver_plus_03.png,characters,specialists,PRODUCTION_SINGLE,specialist_wings,,,,BRAMBLE_30_35.zip,BRAMBLE_30_35/35_specialist_wings/evolution/moon_weaver_plus_03.png,aa656f41384ee6d48b3665a532bb2332930951232461a541d1fbc49b1b4c7b31,copied,,VISUAL_MASTER_ADJUST
A00272,characters/specialists/wings/moon_weaver_plus_03_card.png,characters,specialists,PRODUCTION_SINGLE,specialist_wings,,,,BRAMBLE_30_35.zip,BRAMBLE_30_35/35_specialist_wings/evolution_cards/moon_weaver_plus_03_card.png,2c59462a7c5afb1f0bfb0eca7efe9bd1f8615f53ef1908c0063535cde146ab12,copied,,VISUAL_MASTER_ADJUST
A00273,characters/specialists/wings/moon_weaver_plus_04.png,characters,specialists,PRODUCTION_SINGLE,specialist_wings,,,,BRAMBLE_30_35.zip,BRAMBLE_30_35/35_specialist_wings/evolution/moon_weaver_plus_04.png,ffd5035370b602e4d918cbb456f3e6d265bb98beabfd9939e9f4dc9c470fb33a,copied,,VISUAL_MASTER_ADJUST
A00274,characters/specialists/wings/moon_weaver_plus_04_card.png,characters,specialists,PRODUCTION_SINGLE,specialist_wings,,,,BRAMBLE_30_35.zip,BRAMBLE_30_35/35_specialist_wings/evolution_cards/moon_weaver_plus_04_card.png,b58c4d2ea5fb89c3f1df1b768e6134d2a0445aed4fbbb654158e3c3dfe7326c2,copied,,VISUAL_MASTER_ADJUST
A00275,characters/specialists/wings/moon_weaver_plus_05.png,characters,specialists,PRODUCTION_SINGLE,specialist_wings,,,,BRAMBLE_30_35.zip,BRAMBLE_30_35/35_specialist_wings/evolution/moon_weaver_plus_05.png,2a553408543ebaa7b6b0f22a84393f99a1836bc9e90e40941e4aff28122e1536,copied,,VISUAL_MASTER_ADJUST
A00276,characters/specialists/wings/moon_weaver_plus_05_card.png,characters,specialists,PRODUCTION_SINGLE,specialist_wings,,,,BRAMBLE_30_35.zip,BRAMBLE_30_35/35_specialist_wings/evolution_cards/moon_weaver_plus_05_card.png,ade9b27a3dca39ec9466a43c2f99f45c59e653f6a5b9304ff457bbdf7f9c2518,copied,,VISUAL_MASTER_ADJUST
A00277,characters/specialists/wings/moon_weaver_plus_06.png,characters,specialists,PRODUCTION_SINGLE,specialist_wings,,,,BRAMBLE_30_35.zip,BRAMBLE_30_35/35_specialist_wings/evolution/moon_weaver_plus_06.png,c58a9716803d29bb530c57054f8bd8d759a053f8485b36ba9a28067c51730df6,copied,,VISUAL_MASTER_ADJUST
A00278,characters/specialists/wings/moon_weaver_plus_06_card.png,characters,specialists,PRODUCTION_SINGLE,specialist_wings,,,,BRAMBLE_30_35.zip,BRAMBLE_30_35/35_specialist_wings/evolution_cards/moon_weaver_plus_06_card.png,c8c245e9aa375acaf0f28c1d16351ff3929f525d02433b670f469251cb099230,copied,,VISUAL_MASTER_ADJUST
A00279,characters/specialists/wings/moon_weaver_plus_07.png,characters,specialists,PRODUCTION_SINGLE,specialist_wings,,,,BRAMBLE_30_35.zip,BRAMBLE_30_35/35_specialist_wings/evolution/moon_weaver_plus_07.png,c9a33de0255137f9cc54c91c5fe4ea29fc1bc7d30001e3d39cb686d234ae7d4f,copied,,VISUAL_MASTER_ADJUST
A00280,characters/specialists/wings/moon_weaver_plus_07_card.png,characters,specialists,PRODUCTION_SINGLE,specialist_wings,,,,BRAMBLE_30_35.zip,BRAMBLE_30_35/35_specialist_wings/evolution_cards/moon_weaver_plus_07_card.png,82d53db0e3c0e51ea26663bc07082fa2bb08451d49c3853208c4d46328d130d7,copied,,VISUAL_MASTER_ADJUST
A00281,characters/specialists/wings/moon_weaver_plus_08.png,characters,specialists,PRODUCTION_SINGLE,specialist_wings,,,,BRAMBLE_30_35.zip,BRAMBLE_30_35/35_specialist_wings/evolution/moon_weaver_plus_08.png,07a69485a95c990dc00c50cc7b0662da595108d79eea9e86f80234b5f5fb56b7,copied,,VISUAL_MASTER_ADJUST
A00282,characters/specialists/wings/moon_weaver_plus_08_card.png,characters,specialists,PRODUCTION_SINGLE,specialist_wings,,,,BRAMBLE_30_35.zip,BRAMBLE_30_35/35_specialist_wings/evolution_cards/moon_weaver_plus_08_card.png,3dfdeb3de953ab367b3d3bba74ea36f33159ac8ba2546e3d43a77aeb10c8f80e,copied,,VISUAL_MASTER_ADJUST
A00283,characters/specialists/wings/moon_weaver_plus_09.png,characters,specialists,PRODUCTION_SINGLE,specialist_wings,,,,BRAMBLE_30_35.zip,BRAMBLE_30_35/35_specialist_wings/evolution/moon_weaver_plus_09.png,e9f0e16e5b85fc9870ab779f0f889ad268b28c0522320a62f26d58d6423ff022,copied,,VISUAL_MASTER_ADJUST
A00284,characters/specialists/wings/moon_weaver_plus_09_card.png,characters,specialists,PRODUCTION_SINGLE,specialist_wings,,,,BRAMBLE_30_35.zip,BRAMBLE_30_35/35_specialist_wings/evolution_cards/moon_weaver_plus_09_card.png,bb9c783bcdabfcf9fd76fc25637d95c4f1ad76ed2ff83a3bd9d3d5c471c3b5dd,copied,,VISUAL_MASTER_ADJUST
A00285,characters/specialists/wings/moon_weaver_plus_10.png,characters,specialists,PRODUCTION_SINGLE,specialist_wings,,,,BRAMBLE_30_35.zip,BRAMBLE_30_35/35_specialist_wings/evolution/moon_weaver_plus_10.png,d0c5b2eb932acc7f9848d4c3813b2c4b34a65accec8ad34e7346f5e1e19f52cd,copied,,VISUAL_MASTER_ADJUST
A00286,characters/specialists/wings/moon_weaver_plus_10_card.png,characters,specialists,PRODUCTION_SINGLE,specialist_wings,,,,BRAMBLE_30_35.zip,BRAMBLE_30_35/35_specialist_wings/evolution_cards/moon_weaver_plus_10_card.png,fad1f69c35c340f4d6797f18226dc682956fcfb89872f338f81a9398adad2b18,copied,,VISUAL_MASTER_ADJUST
A00287,characters/specialists/wings/moon_weaver_plus_11.png,characters,specialists,PRODUCTION_SINGLE,specialist_wings,,,,BRAMBLE_30_35.zip,BRAMBLE_30_35/35_specialist_wings/evolution/moon_weaver_plus_11.png,5d27ffc346bd59982ccebad21857304932eff99c9595f4573e455373671362dd,copied,,VISUAL_MASTER_ADJUST
A00288,characters/specialists/wings/moon_weaver_plus_11_card.png,characters,specialists,PRODUCTION_SINGLE,specialist_wings,,,,BRAMBLE_30_35.zip,BRAMBLE_30_35/35_specialist_wings/evolution_cards/moon_weaver_plus_11_card.png,aab884ee0ca204cdce4261d85917ee25991d4857041d7e53d09a423a225306a8,copied,,VISUAL_MASTER_ADJUST
A00289,characters/specialists/wings/moon_weaver_plus_12.png,characters,specialists,PRODUCTION_SINGLE,specialist_wings,,,,BRAMBLE_30_35.zip,BRAMBLE_30_35/35_specialist_wings/evolution/moon_weaver_plus_12.png,fb995df6d08c1ffc52ef1d8d8bcb5df1abe2f4cc00f80d03cfee6912a784279f,copied,,VISUAL_MASTER_ADJUST
A00290,characters/specialists/wings/moon_weaver_plus_12_card.png,characters,specialists,PRODUCTION_SINGLE,specialist_wings,,,,BRAMBLE_30_35.zip,BRAMBLE_30_35/35_specialist_wings/evolution_cards/moon_weaver_plus_12_card.png,d510244273e4db6be5d71a24f5f5716091c180db9a86cbfb3b232f5250baf74f,copied,,VISUAL_MASTER_ADJUST
A00291,characters/specialists/wings/moon_weaver_plus_13.png,characters,specialists,PRODUCTION_SINGLE,specialist_wings,,,,BRAMBLE_30_35.zip,BRAMBLE_30_35/35_specialist_wings/evolution/moon_weaver_plus_13.png,e87669c58c8f1a707a5b7206d0da4e1da774c5f49248a9f4c6da749a5fa61705,copied,,VISUAL_MASTER_ADJUST
A00292,characters/specialists/wings/moon_weaver_plus_13_card.png,characters,specialists,PRODUCTION_SINGLE,specialist_wings,,,,BRAMBLE_30_35.zip,BRAMBLE_30_35/35_specialist_wings/evolution_cards/moon_weaver_plus_13_card.png,3e931098aaa58c054b13bdc5d460944995f04657d5e0ade6f8911f1f8c7e5206,copied,,VISUAL_MASTER_ADJUST
A00293,characters/specialists/wings/moon_weaver_plus_14.png,characters,specialists,PRODUCTION_SINGLE,specialist_wings,,,,BRAMBLE_30_35.zip,BRAMBLE_30_35/35_specialist_wings/evolution/moon_weaver_plus_14.png,cbe9108902677eb08bb3a6ed270f08c645ef7bbdfec57b9391e131a2038338f4,copied,,VISUAL_MASTER_ADJUST
A00294,characters/specialists/wings/moon_weaver_plus_14_card.png,characters,specialists,PRODUCTION_SINGLE,specialist_wings,,,,BRAMBLE_30_35.zip,BRAMBLE_30_35/35_specialist_wings/evolution_cards/moon_weaver_plus_14_card.png,f7ea73d785fb698f118358319612dbfcdec3e4c3dfd88708eb532b80b1d26274,copied,,VISUAL_MASTER_ADJUST
A00295,characters/specialists/wings/moon_weaver_plus_15.png,characters,specialists,PRODUCTION_SINGLE,specialist_wings,,,,BRAMBLE_30_35.zip,BRAMBLE_30_35/35_specialist_wings/evolution/moon_weaver_plus_15.png,3d06f7146d71e05949ec621c81d2ffdcb6eaf42f52b637cbfd25877dcb21434c,copied,,VISUAL_MASTER_ADJUST
A00296,characters/specialists/wings/moon_weaver_plus_15_card.png,characters,specialists,PRODUCTION_SINGLE,specialist_wings,,,,BRAMBLE_30_35.zip,BRAMBLE_30_35/35_specialist_wings/evolution_cards/moon_weaver_plus_15_card.png,5dcaa9f9daf4d03ff5755f24e37e29d8b95b9bca1c57d20c703d195ea47a5e51,copied,,VISUAL_MASTER_ADJUST
A00297,characters/specialists/wings/moss_guardian.png,characters,specialists,PRODUCTION_SINGLE,specialist_wings,,,,BRAMBLE_30_35.zip,BRAMBLE_30_35/35_specialist_wings/moss_guardian.png,3eaffc3da6ff41102115d52c0db8bbb692fe71907ea80e3edf3c827e8b6ccdd7,copied,,VISUAL_MASTER_ADJUST
A00298,characters/specialists/wings/moss_guardian_plus_01.png,characters,specialists,PRODUCTION_SINGLE,specialist_wings,,,,BRAMBLE_30_35.zip,BRAMBLE_30_35/35_specialist_wings/evolution/moss_guardian_plus_01.png,5a7e4079aa7f9f2b770319c23891802696aeb103f3fab4c5038f64c9865aa91a,copied,,VISUAL_MASTER_ADJUST
A00299,characters/specialists/wings/moss_guardian_plus_01_card.png,characters,specialists,PRODUCTION_SINGLE,specialist_wings,,,,BRAMBLE_30_35.zip,BRAMBLE_30_35/35_specialist_wings/evolution_cards/moss_guardian_plus_01_card.png,34a81947bef171818eaf1dfd5da5ddc4b20384bc573ab62260768b16bcf3919b,copied,,VISUAL_MASTER_ADJUST
A00300,characters/specialists/wings/moss_guardian_plus_02.png,characters,specialists,PRODUCTION_SINGLE,specialist_wings,,,,BRAMBLE_30_35.zip,BRAMBLE_30_35/35_specialist_wings/evolution/moss_guardian_plus_02.png,40575d2a4d5f7ff4de8ff0f95d84cefba3a2b173c049c8df0d5908c945b67902,copied,,VISUAL_MASTER_ADJUST
A00301,characters/specialists/wings/moss_guardian_plus_02_card.png,characters,specialists,PRODUCTION_SINGLE,specialist_wings,,,,BRAMBLE_30_35.zip,BRAMBLE_30_35/35_specialist_wings/evolution_cards/moss_guardian_plus_02_card.png,826c50ad26942978314dd765a340eb6c39d3a67f19f9ab83ab9d105dd8e05dfb,copied,,VISUAL_MASTER_ADJUST
A00302,characters/specialists/wings/moss_guardian_plus_03.png,characters,specialists,PRODUCTION_SINGLE,specialist_wings,,,,BRAMBLE_30_35.zip,BRAMBLE_30_35/35_specialist_wings/evolution/moss_guardian_plus_03.png,066536ec30fc7e0139dd294add199b6bfdb57997a66edac4b298a67622ef11d7,copied,,VISUAL_MASTER_ADJUST
A00303,characters/specialists/wings/moss_guardian_plus_03_card.png,characters,specialists,PRODUCTION_SINGLE,specialist_wings,,,,BRAMBLE_30_35.zip,BRAMBLE_30_35/35_specialist_wings/evolution_cards/moss_guardian_plus_03_card.png,881a6d43bf4fe58b6c8669edd9de19bd7fde25a521bcdc2297cc4f38a17858bd,copied,,VISUAL_MASTER_ADJUST
A00304,characters/specialists/wings/moss_guardian_plus_04.png,characters,specialists,PRODUCTION_SINGLE,specialist_wings,,,,BRAMBLE_30_35.zip,BRAMBLE_30_35/35_specialist_wings/evolution/moss_guardian_plus_04.png,2b986f429a265460fbc03d3fa5027bcf86acd48a8716cd341674a21c50403928,copied,,VISUAL_MASTER_ADJUST
A00305,characters/specialists/wings/moss_guardian_plus_04_card.png,characters,specialists,PRODUCTION_SINGLE,specialist_wings,,,,BRAMBLE_30_35.zip,BRAMBLE_30_35/35_specialist_wings/evolution_cards/moss_guardian_plus_04_card.png,3a51322313af293aa417878f501cf27955ff6a6330ab4d426eecd95a2471a6ec,copied,,VISUAL_MASTER_ADJUST
A00306,characters/specialists/wings/moss_guardian_plus_05.png,characters,specialists,PRODUCTION_SINGLE,specialist_wings,,,,BRAMBLE_30_35.zip,BRAMBLE_30_35/35_specialist_wings/evolution/moss_guardian_plus_05.png,cd1d3110e085bc3e43f21672bc85555d7ace5c1cf3b9440550d31d07b3487861,copied,,VISUAL_MASTER_ADJUST
A00307,characters/specialists/wings/moss_guardian_plus_05_card.png,characters,specialists,PRODUCTION_SINGLE,specialist_wings,,,,BRAMBLE_30_35.zip,BRAMBLE_30_35/35_specialist_wings/evolution_cards/moss_guardian_plus_05_card.png,c122375a4881e58d9593d876d58ce1e1b3880ef3c047bb028c5895f616f3f56b,copied,,VISUAL_MASTER_ADJUST
A00308,characters/specialists/wings/moss_guardian_plus_06.png,characters,specialists,PRODUCTION_SINGLE,specialist_wings,,,,BRAMBLE_30_35.zip,BRAMBLE_30_35/35_specialist_wings/evolution/moss_guardian_plus_06.png,4a971a37471a1ad353db92f4e6d39bcfcdfa3f56859b5907c0951c76fb97c835,copied,,VISUAL_MASTER_ADJUST
A00309,characters/specialists/wings/moss_guardian_plus_06_card.png,characters,specialists,PRODUCTION_SINGLE,specialist_wings,,,,BRAMBLE_30_35.zip,BRAMBLE_30_35/35_specialist_wings/evolution_cards/moss_guardian_plus_06_card.png,5465441195080b5fb44720e9d5319a26ee9930b49cf35d92015e86c86f514cd0,copied,,VISUAL_MASTER_ADJUST
A00310,characters/specialists/wings/moss_guardian_plus_07.png,characters,specialists,PRODUCTION_SINGLE,specialist_wings,,,,BRAMBLE_30_35.zip,BRAMBLE_30_35/35_specialist_wings/evolution/moss_guardian_plus_07.png,4a6d98232079bc9ff7f1515f647b7ce1ae73134b8c02248d3702cafdb413303c,copied,,VISUAL_MASTER_ADJUST
A00311,characters/specialists/wings/moss_guardian_plus_07_card.png,characters,specialists,PRODUCTION_SINGLE,specialist_wings,,,,BRAMBLE_30_35.zip,BRAMBLE_30_35/35_specialist_wings/evolution_cards/moss_guardian_plus_07_card.png,a8535782b577dae36bc3c234b4110298e238226e517c7f59673242ca5dc1f0a7,copied,,VISUAL_MASTER_ADJUST
A00312,characters/specialists/wings/moss_guardian_plus_08.png,characters,specialists,PRODUCTION_SINGLE,specialist_wings,,,,BRAMBLE_30_35.zip,BRAMBLE_30_35/35_specialist_wings/evolution/moss_guardian_plus_08.png,c6dfc7f7c071f6bf21b589ef3d5a11cdc6f11b39cd648caa2266e0fd23fa0383,copied,,VISUAL_MASTER_ADJUST
A00313,characters/specialists/wings/moss_guardian_plus_08_card.png,characters,specialists,PRODUCTION_SINGLE,specialist_wings,,,,BRAMBLE_30_35.zip,BRAMBLE_30_35/35_specialist_wings/evolution_cards/moss_guardian_plus_08_card.png,dbd30703d286a39f3b74102fd684cf6f200d9be00e9073bc01576cb58d1efcc3,copied,,VISUAL_MASTER_ADJUST
A00314,characters/specialists/wings/moss_guardian_plus_09.png,characters,specialists,PRODUCTION_SINGLE,specialist_wings,,,,BRAMBLE_30_35.zip,BRAMBLE_30_35/35_specialist_wings/evolution/moss_guardian_plus_09.png,57278b6f3d1d24a5f9b7ff4b72cf5341b6994c65acb38d5a8c6975771d6ed650,copied,,VISUAL_MASTER_ADJUST
A00315,characters/specialists/wings/moss_guardian_plus_09_card.png,characters,specialists,PRODUCTION_SINGLE,specialist_wings,,,,BRAMBLE_30_35.zip,BRAMBLE_30_35/35_specialist_wings/evolution_cards/moss_guardian_plus_09_card.png,e7d649d430fcc4574542c8aa8bc5e20660358b19151790a3c3287e54525a3c28,copied,,VISUAL_MASTER_ADJUST
A00316,characters/specialists/wings/moss_guardian_plus_10.png,characters,specialists,PRODUCTION_SINGLE,specialist_wings,,,,BRAMBLE_30_35.zip,BRAMBLE_30_35/35_specialist_wings/evolution/moss_guardian_plus_10.png,548136f1c475ced89fcef4daff7570fe231b301c695dcef4f8b7a7400d16bce3,copied,,VISUAL_MASTER_ADJUST
A00317,characters/specialists/wings/moss_guardian_plus_10_card.png,characters,specialists,PRODUCTION_SINGLE,specialist_wings,,,,BRAMBLE_30_35.zip,BRAMBLE_30_35/35_specialist_wings/evolution_cards/moss_guardian_plus_10_card.png,5ad4a9fad319f1b66aceebf35793ae22da92b17d47a8deefb965f3387ac9f17a,copied,,VISUAL_MASTER_ADJUST
A00318,characters/specialists/wings/moss_guardian_plus_11.png,characters,specialists,PRODUCTION_SINGLE,specialist_wings,,,,BRAMBLE_30_35.zip,BRAMBLE_30_35/35_specialist_wings/evolution/moss_guardian_plus_11.png,0f9f91569c6e65d3bad23eabcefa36c95c370dc51a7c7d3c3d41340cc920730a,copied,,VISUAL_MASTER_ADJUST
A00319,characters/specialists/wings/moss_guardian_plus_11_card.png,characters,specialists,PRODUCTION_SINGLE,specialist_wings,,,,BRAMBLE_30_35.zip,BRAMBLE_30_35/35_specialist_wings/evolution_cards/moss_guardian_plus_11_card.png,b9332dc5208614e234253b4cbb810518ec045d1c7abe5beb4e80ce8bc3b31cba,copied,,VISUAL_MASTER_ADJUST
A00320,characters/specialists/wings/moss_guardian_plus_12.png,characters,specialists,PRODUCTION_SINGLE,specialist_wings,,,,BRAMBLE_30_35.zip,BRAMBLE_30_35/35_specialist_wings/evolution/moss_guardian_plus_12.png,05eb922f4c78fecb9b15bafad75c615dcb88fde0ecd1396abfeb98d8027ec157,copied,,VISUAL_MASTER_ADJUST
A00321,characters/specialists/wings/moss_guardian_plus_12_card.png,characters,specialists,PRODUCTION_SINGLE,specialist_wings,,,,BRAMBLE_30_35.zip,BRAMBLE_30_35/35_specialist_wings/evolution_cards/moss_guardian_plus_12_card.png,63f9d0bf89f95f5b7b280ae3bf1b9c63d9fb13b88b053b3252995a1d0c4f4577,copied,,VISUAL_MASTER_ADJUST
A00322,characters/specialists/wings/moss_guardian_plus_13.png,characters,specialists,PRODUCTION_SINGLE,specialist_wings,,,,BRAMBLE_30_35.zip,BRAMBLE_30_35/35_specialist_wings/evolution/moss_guardian_plus_13.png,1fac83d56c1a31bd4a98be6c733395d33aa105d1e4ff7b40b964540c694e7800,copied,,VISUAL_MASTER_ADJUST
A00323,characters/specialists/wings/moss_guardian_plus_13_card.png,characters,specialists,PRODUCTION_SINGLE,specialist_wings,,,,BRAMBLE_30_35.zip,BRAMBLE_30_35/35_specialist_wings/evolution_cards/moss_guardian_plus_13_card.png,0d73d5f8dc8dd63e593cc3b9141e8503512fe4eaf734cba57d34fa7ab4849243,copied,,VISUAL_MASTER_ADJUST
A00324,characters/specialists/wings/moss_guardian_plus_14.png,characters,specialists,PRODUCTION_SINGLE,specialist_wings,,,,BRAMBLE_30_35.zip,BRAMBLE_30_35/35_specialist_wings/evolution/moss_guardian_plus_14.png,29633b749c3ddc196406a3e7f968a2bdc8cce32338528d67c7cc447ff9cbb13d,copied,,VISUAL_MASTER_ADJUST
A00325,characters/specialists/wings/moss_guardian_plus_14_card.png,characters,specialists,PRODUCTION_SINGLE,specialist_wings,,,,BRAMBLE_30_35.zip,BRAMBLE_30_35/35_specialist_wings/evolution_cards/moss_guardian_plus_14_card.png,b66bd0a8533e8fecbda1655b100327129804e8802862caff1541d2e3894cde2f,copied,,VISUAL_MASTER_ADJUST
A00326,characters/specialists/wings/moss_guardian_plus_15.png,characters,specialists,PRODUCTION_SINGLE,specialist_wings,,,,BRAMBLE_30_35.zip,BRAMBLE_30_35/35_specialist_wings/evolution/moss_guardian_plus_15.png,dcf35f8b0f6c5f5dfd576e8c158bd8f79ddcfbfbc96799b20cd723b027a4602e,copied,,VISUAL_MASTER_ADJUST
A00327,characters/specialists/wings/moss_guardian_plus_15_card.png,characters,specialists,PRODUCTION_SINGLE,specialist_wings,,,,BRAMBLE_30_35.zip,BRAMBLE_30_35/35_specialist_wings/evolution_cards/moss_guardian_plus_15_card.png,334a71080c373b7909f8dd199f5e26aaf104142bd30af231d59abddd85f5352e,copied,,VISUAL_MASTER_ADJUST
A00328,characters\base\female/kit55_master.png,characters,base,MASTER,female,,,,BRAMBLE_54_63.zip,BRAMBLE_54_63/55_base_female_8_directions/master.png,e9114d9e2a9e72afa427704e1bc5a413a05aef892e1dc1f5603f706902987ab0,copied,path collision resolved with kit prefix,VISUAL_MASTER_ADJUST
A00329,characters\base\female/kit57_master.png,characters,base,MASTER,female,,,,BRAMBLE_54_63.zip,BRAMBLE_54_63/57_base_female_locomotion_damage/master.png,54a4370115ec974005ac944229a5ca395430b68c837963261b5a5ca8acc77606,copied,path collision resolved with kit prefix,VISUAL_MASTER_ADJUST
A00330,characters\base\male/kit54_master.png,characters,base,MASTER,male,,,,BRAMBLE_54_63.zip,BRAMBLE_54_63/54_base_male_8_directions/master.png,ac132f3cd8391fb8e48d51837ad4caa6194f4199de6a9ed13729b00b782ef9e3,copied,path collision resolved with kit prefix,VISUAL_MASTER_ADJUST
A00331,characters\base\male/kit56_master.png,characters,base,MASTER,male,,,,BRAMBLE_54_63.zip,BRAMBLE_54_63/56_base_male_locomotion_damage/master.png,7f7a450b63080d69c95abef483cb1f35c57cab90c40039a7cee6f5c5138f95fa,copied,path collision resolved with kit prefix,VISUAL_MASTER_ADJUST
A00332,characters\specialists\ember_knight_specialist/kit48_back.png,characters,specialists,PRODUCTION_DIRECTION,ember_knight_specialist,back,,,BRAMBLE_44_48.zip,BRAMBLE_44_48/48_ember_knight_specialist_male_female/ember_knight_female_back.png,ade8b2423e431e039b1dd361130b87fc05b04009e2989763ea2aeae3f9db7a80,cataloged,path collision resolved with kit prefix,VISUAL_MASTER_ADJUST
A00333,characters\specialists\ember_knight_specialist/kit48_back.png,characters,specialists,PRODUCTION_DIRECTION,ember_knight_specialist,back,,,BRAMBLE_44_48.zip,BRAMBLE_44_48/48_ember_knight_specialist_male_female/ember_knight_male_back.png,a5eeec4ca7b9d3071cf2e11b3d09cd46d3a84f9c45af0000d4194bdf6a5c42c6,copied,path collision resolved with kit prefix,VISUAL_MASTER_ADJUST
A00334,characters\specialists\ember_knight_specialist/kit48_front.png,characters,specialists,PRODUCTION_DIRECTION,ember_knight_specialist,front,,,BRAMBLE_44_48.zip,BRAMBLE_44_48/48_ember_knight_specialist_male_female/ember_knight_female_front.png,376e6cf9c3cb2206fd5fb254b32461e5bcbccca776299ef8f7033423974da7e9,cataloged,path collision resolved with kit prefix,VISUAL_MASTER_ADJUST
A00335,characters\specialists\ember_knight_specialist/kit48_front.png,characters,specialists,PRODUCTION_DIRECTION,ember_knight_specialist,front,,,BRAMBLE_44_48.zip,BRAMBLE_44_48/48_ember_knight_specialist_male_female/ember_knight_male_front.png,4982e67d566b4099739b807736524910b0a9ab77e112d30f88d442470154e303,copied,path collision resolved with kit prefix,VISUAL_MASTER_ADJUST
A00336,characters\specialists\ember_knight_specialist/kit48_right.png,characters,specialists,PRODUCTION_DIRECTION,ember_knight_specialist,right,,,BRAMBLE_44_48.zip,BRAMBLE_44_48/48_ember_knight_specialist_male_female/ember_knight_female_right.png,04a0013a901c292c8a71c971cca8f86018f87a07bb58889bc4f839856668a169,cataloged,path collision resolved with kit prefix,VISUAL_MASTER_ADJUST
A00337,characters\specialists\ember_knight_specialist/kit48_right.png,characters,specialists,PRODUCTION_DIRECTION,ember_knight_specialist,right,,,BRAMBLE_44_48.zip,BRAMBLE_44_48/48_ember_knight_specialist_male_female/ember_knight_male_right.png,0747729273361253b6005dfeffe0ef1885880115a73cb5157b5785544ada9008,copied,path collision resolved with kit prefix,VISUAL_MASTER_ADJUST
A00338,combat/projectiles/00_wood_arrow.png,combat,projectiles,PRODUCTION_FRAME,ranged_projectiles_impacts,,wood_arrow,00,BRAMBLE_KITS_84_93.zip,BRAMBLE_84_93/92_ranged_projectiles_impacts/frames/00_wood_arrow.png,16df347f3d3124f9547b98662fa1bd667f7652f7f638f254db62f3ac1592f3a8,copied,,VISUAL_MASTER_READY
A00339,combat/projectiles/01_reinforced_arrow.png,combat,projectiles,PRODUCTION_FRAME,ranged_projectiles_impacts,,reinforced_arrow,01,BRAMBLE_KITS_84_93.zip,BRAMBLE_84_93/92_ranged_projectiles_impacts/frames/01_reinforced_arrow.png,4a10902678cce5ae4e4d7c87d26bd4f314723548de11c053dbce9285333b9e5a,copied,,VISUAL_MASTER_READY
A00340,combat/projectiles/02_copper_bolt.png,combat,projectiles,PRODUCTION_FRAME,ranged_projectiles_impacts,,copper_bolt,02,BRAMBLE_KITS_84_93.zip,BRAMBLE_84_93/92_ranged_projectiles_impacts/frames/02_copper_bolt.png,5a3a903e3ac8c20a42807f0b32e0b6eb89c81a4685788c86a46f1475b0c5e5cc,copied,,VISUAL_MASTER_READY
A00341,combat/projectiles/03_leaf_magic_arrow.png,combat,projectiles,PRODUCTION_FRAME,ranged_projectiles_impacts,,leaf_magic_arrow,03,BRAMBLE_KITS_84_93.zip,BRAMBLE_84_93/92_ranged_projectiles_impacts/frames/03_leaf_magic_arrow.png,4a581e219821959ae9eebd98d2a7873418b2ce8fa248a23fe081e11d390ee0e2,copied,,VISUAL_MASTER_READY
A00342,combat/projectiles/04_speed_trail_short.png,combat,projectiles,PRODUCTION_FRAME,ranged_projectiles_impacts,,speed_trail_short,04,BRAMBLE_KITS_84_93.zip,BRAMBLE_84_93/92_ranged_projectiles_impacts/frames/04_speed_trail_short.png,fe1e0babf735896bd1e25be1d83d1c98831859dea7ae9100b2d4fb560b03ec1e,copied,,VISUAL_MASTER_READY
A00343,combat/projectiles/05_speed_trail_long.png,combat,projectiles,PRODUCTION_FRAME,ranged_projectiles_impacts,,speed_trail_long,05,BRAMBLE_KITS_84_93.zip,BRAMBLE_84_93/92_ranged_projectiles_impacts/frames/05_speed_trail_long.png,dcda92add0ca112a38bd2233f5fa7ecf5ff01b0fc9bf373b20605e8008e61177,copied,,VISUAL_MASTER_READY
A00344,combat/projectiles/06_arrow_hit.png,combat,projectiles,PRODUCTION_FRAME,ranged_projectiles_impacts,,arrow_hit,06,BRAMBLE_KITS_84_93.zip,BRAMBLE_84_93/92_ranged_projectiles_impacts/frames/06_arrow_hit.png,3a5fb8324f80b58fa0e52bfb2f4efc1c4d0a0e439015b64ffe4b3738524b0a34,copied,,VISUAL_MASTER_READY
A00345,combat/projectiles/07_leaf_arrow_impact.png,combat,projectiles,PRODUCTION_FRAME,ranged_projectiles_impacts,,leaf_arrow_impact,07,BRAMBLE_KITS_84_93.zip,BRAMBLE_84_93/92_ranged_projectiles_impacts/frames/07_leaf_arrow_impact.png,34cb1e70a380effac6f856cb6ffff14a124f15d77c8dea869a6468d25afeb3b8,copied,,VISUAL_MASTER_READY
A00346,combat/vfx/ambient.png,combat,vfx,PRODUCTION_SINGLE,kit_09_bundle,,,,BRAMBLE_10_Asset_Kits.zip,BRAMBLE_10_Asset_Kits/vfx/ambient.png,f2edac440f3218dffe31a857fc090a015d113a28247fac1b92e53db029ab6c4b,copied,,VISUAL_MASTER_READY
A00347,combat/vfx/combat.png,combat,vfx,PRODUCTION_SINGLE,kit_09_bundle,,,,BRAMBLE_10_Asset_Kits.zip,BRAMBLE_10_Asset_Kits/vfx/combat.png,cbeb02d646dd1ca244d3b792fd9786f79efdb5735c2bc491cdf73b3482a65e73,copied,,VISUAL_MASTER_READY
A00348,combat/vfx/leaf_bloom/frame_00.png,combat,vfx,PRODUCTION_SINGLE,leaf_bloom_vfx,,,,BRAMBLE_30_35.zip,BRAMBLE_30_35/34_leaf_bloom_vfx/frame_00.png,66ed12e51f35cb125b5c35eb7b2f08d78b9f9721be90cb4d9f438692d0b43e40,copied,,VISUAL_MASTER_READY
A00349,combat/vfx/leaf_bloom/frame_01.png,combat,vfx,PRODUCTION_SINGLE,leaf_bloom_vfx,,,,BRAMBLE_30_35.zip,BRAMBLE_30_35/34_leaf_bloom_vfx/frame_01.png,1742ac159f2a801103b15adacc542c46109c9a323c6b281a3ace2d4f0acc1f33,copied,,VISUAL_MASTER_READY
A00350,combat/vfx/leaf_bloom/frame_02.png,combat,vfx,PRODUCTION_SINGLE,leaf_bloom_vfx,,,,BRAMBLE_30_35.zip,BRAMBLE_30_35/34_leaf_bloom_vfx/frame_02.png,2a38fc63c687b6af646203864ad0e66a84766cc747ef04509e7ddfbc1671f972,copied,,VISUAL_MASTER_READY
A00351,combat/vfx/leaf_bloom/frame_03.png,combat,vfx,PRODUCTION_SINGLE,leaf_bloom_vfx,,,,BRAMBLE_30_35.zip,BRAMBLE_30_35/34_leaf_bloom_vfx/frame_03.png,93208ca6a780d55549cdb9a12a8d466bdc719c1076556d9442fce8fbdd0f4ff2,copied,,VISUAL_MASTER_READY
A00352,combat/vfx/leaf_bloom/frame_04.png,combat,vfx,PRODUCTION_SINGLE,leaf_bloom_vfx,,,,BRAMBLE_30_35.zip,BRAMBLE_30_35/34_leaf_bloom_vfx/frame_04.png,0b594499fd072fae07b79059a127736d6d66c0a6f0fda7115534d09c165ef3be,copied,,VISUAL_MASTER_READY
A00353,combat/vfx/leaf_bloom/frame_05.png,combat,vfx,PRODUCTION_SINGLE,leaf_bloom_vfx,,,,BRAMBLE_30_35.zip,BRAMBLE_30_35/34_leaf_bloom_vfx/frame_05.png,e248b52c9787e81c9d23a9aacb89f41e77f0b82ffed611402a6a25308ae2661a,copied,,VISUAL_MASTER_READY
A00354,combat/vfx/leaf_bloom/frame_06.png,combat,vfx,PRODUCTION_SINGLE,leaf_bloom_vfx,,,,BRAMBLE_30_35.zip,BRAMBLE_30_35/34_leaf_bloom_vfx/frame_06.png,cfb6c3c0417c2287d2921ba926a6ed12533e098cbabedc45bef15fb99f230ac8,copied,,VISUAL_MASTER_READY
A00355,combat/vfx/leaf_bloom/frame_07.png,combat,vfx,PRODUCTION_SINGLE,leaf_bloom_vfx,,,,BRAMBLE_30_35.zip,BRAMBLE_30_35/34_leaf_bloom_vfx/frame_07.png,b13da4c73e5c3265f3eb21339d6326d389f763982a758ac58c8be0043cd5b5b5,copied,,VISUAL_MASTER_READY
A00356,combat/vfx/leaf_bloom_vfx/master.png,combat,vfx,MASTER,leaf_bloom_vfx,,,,BRAMBLE_30_35.zip,BRAMBLE_30_35/34_leaf_bloom_vfx/master.png,d80912ebc4ae846d4c14c57c996c21978e112631c66f2663aae68ded9963f5b7,copied,,VISUAL_MASTER_READY
A00357,combat/vfx/magic_support/frames/00_mana_gather.png,combat,vfx,PRODUCTION_FRAME,magic_support_vfx,,mana_gather,00,BRAMBLE_KITS_84_93.zip,BRAMBLE_84_93/93_magic_support_vfx/frames/00_mana_gather.png,a07b5f71610542db05c55875e1bce4516cc1aae887cdbff1d0b34f8f3fa100ac,copied,,VISUAL_MASTER_READY
A00358,combat/vfx/magic_support/frames/01_casting_ring.png,combat,vfx,PRODUCTION_FRAME,magic_support_vfx,,casting_ring,01,BRAMBLE_KITS_84_93.zip,BRAMBLE_84_93/93_magic_support_vfx/frames/01_casting_ring.png,79aaecf0e13a520db5363305f9c51ec004484e21b3c10ad0e6c2c692b75135b1,copied,,VISUAL_MASTER_READY
A00359,combat/vfx/magic_support/frames/02_green_projectile.png,combat,vfx,PRODUCTION_FRAME,magic_support_vfx,,green_projectile,02,BRAMBLE_KITS_84_93.zip,BRAMBLE_84_93/93_magic_support_vfx/frames/02_green_projectile.png,0df3a3183cbe5c012714caf0f308d16a8648ca776b2db248c996c9b31dccf7fb,copied,,VISUAL_MASTER_READY
A00360,combat/vfx/magic_support/frames/03_violet_star_bolt.png,combat,vfx,PRODUCTION_FRAME,magic_support_vfx,,violet_star_bolt,03,BRAMBLE_KITS_84_93.zip,BRAMBLE_84_93/93_magic_support_vfx/frames/03_violet_star_bolt.png,2e4b4f7aba8b6e94a9eeb62519c595135907fbcae6792ae5796596530c7544c5,copied,,VISUAL_MASTER_READY
A00361,combat/vfx/magic_support/frames/04_protective_shield.png,combat,vfx,PRODUCTION_FRAME,magic_support_vfx,,protective_shield,04,BRAMBLE_KITS_84_93.zip,BRAMBLE_84_93/93_magic_support_vfx/frames/04_protective_shield.png,7166f18ab1d374cd4bb278bd698e57ad241f0142bdfccf83ff85656cd6e382da,copied,,VISUAL_MASTER_READY
A00362,combat/vfx/magic_support/frames/05_healing_bloom.png,combat,vfx,PRODUCTION_FRAME,magic_support_vfx,,healing_bloom,05,BRAMBLE_KITS_84_93.zip,BRAMBLE_84_93/93_magic_support_vfx/frames/05_healing_bloom.png,bcfb21d740021434cca709b38dcb209f72f6e606eeb3feea023a02869a873296,copied,,VISUAL_MASTER_READY
A00363,combat/vfx/magic_support/frames/06_purification_burst.png,combat,vfx,PRODUCTION_FRAME,magic_support_vfx,,purification_burst,06,BRAMBLE_KITS_84_93.zip,BRAMBLE_84_93/93_magic_support_vfx/frames/06_purification_burst.png,9c19b29e52335d5f89d7855f246e535d92fcdd13dde66cbe91f9fcdcf60c8bb5,copied,,VISUAL_MASTER_READY
A00364,combat/vfx/magic_support/frames/07_violet_impact.png,combat,vfx,PRODUCTION_FRAME,magic_support_vfx,,violet_impact,07,BRAMBLE_KITS_84_93.zip,BRAMBLE_84_93/93_magic_support_vfx/frames/07_violet_impact.png,212cc5514483eb6272f47110a1c0bc885381e474f034e7f6e346385368c2dfa9,copied,,VISUAL_MASTER_READY
A00365,combat/vfx/magic_support_vfx/master.png,combat,vfx,MASTER,magic_support_vfx,,,,BRAMBLE_KITS_84_93.zip,BRAMBLE_84_93/93_magic_support_vfx/master.png,9e3a499a273cddacd5231e8808453d3d77e89610cc8544e8b604bf4d75041ecb,copied,,VISUAL_MASTER_READY
A00366,combat/vfx/magic_weapons_focuses/master.png,combat,vfx,MASTER,magic_weapons_focuses,,,,BRAMBLE_KITS_74_83.zip,BRAMBLE_74_83/81_magic_weapons_focuses/master.png,51ea7c065e81a67ff245fdb9fc75dbb18cbb3a24f6c87ff8321ccf67770f3836,copied,,VISUAL_MASTER_READY
A00367,combat/vfx/melee_slash_sequence/frames/00_glint.png,combat,vfx,PRODUCTION_FRAME,melee_slash_vfx_sequence,,glint,00,BRAMBLE_KITS_84_93.zip,BRAMBLE_84_93/91_melee_slash_vfx_sequence/frames/00_glint.png,f9873346f9694e7651893388e68454abe7ccf8b4f2d83202a3bd078be5b16ea4,copied,,VISUAL_MASTER_READY
A00368,combat/vfx/melee_slash_sequence/frames/01_arc_start.png,combat,vfx,PRODUCTION_FRAME,melee_slash_vfx_sequence,,arc_start,01,BRAMBLE_KITS_84_93.zip,BRAMBLE_84_93/91_melee_slash_vfx_sequence/frames/01_arc_start.png,75c9183e8a436d355fd1e09709016f3dcfaf2e1caa3a6e77f1036a86c99b8384,copied,,VISUAL_MASTER_READY
A00369,combat/vfx/melee_slash_sequence/frames/02_arc_grow.png,combat,vfx,PRODUCTION_FRAME,melee_slash_vfx_sequence,,arc_grow,02,BRAMBLE_KITS_84_93.zip,BRAMBLE_84_93/91_melee_slash_vfx_sequence/frames/02_arc_grow.png,05ad7b542ab1691c5f842336ae2a374e59447149738da67b55bd563bfd9b72fc,copied,,VISUAL_MASTER_READY
A00370,combat/vfx/melee_slash_sequence/frames/03_slash_peak.png,combat,vfx,PRODUCTION_FRAME,melee_slash_vfx_sequence,,slash_peak,03,BRAMBLE_KITS_84_93.zip,BRAMBLE_84_93/91_melee_slash_vfx_sequence/frames/03_slash_peak.png,7b65f432a0fc3f34529473ac3f50e98de2dee686f51d2d51b9dcb60e54772f41,copied,,VISUAL_MASTER_READY
A00371,combat/vfx/melee_slash_sequence/frames/04_impact_peak.png,combat,vfx,PRODUCTION_FRAME,melee_slash_vfx_sequence,,impact_peak,04,BRAMBLE_KITS_84_93.zip,BRAMBLE_84_93/91_melee_slash_vfx_sequence/frames/04_impact_peak.png,a118e8f71fc5249f1e4ebfc3d02ac67b9b8e73a759456d8a901b1cfcf72ebc52,copied,,VISUAL_MASTER_READY
A00372,combat/vfx/melee_slash_sequence/frames/05_burst.png,combat,vfx,PRODUCTION_FRAME,melee_slash_vfx_sequence,,burst,05,BRAMBLE_KITS_84_93.zip,BRAMBLE_84_93/91_melee_slash_vfx_sequence/frames/05_burst.png,f66e44858e4964d13804fd6d1852ad0326376e2c3f9bdc419283af919ca29d94,copied,,VISUAL_MASTER_READY
A00373,combat/vfx/melee_slash_sequence/frames/06_arc_fade.png,combat,vfx,PRODUCTION_FRAME,melee_slash_vfx_sequence,,arc_fade,06,BRAMBLE_KITS_84_93.zip,BRAMBLE_84_93/91_melee_slash_vfx_sequence/frames/06_arc_fade.png,52d2e10c8b3485650f515f1121beae53f6cee7ed0cda67617c2f32ebc281b10c,copied,,VISUAL_MASTER_READY
A00374,combat/vfx/melee_slash_sequence/frames/07_motes_fade.png,combat,vfx,PRODUCTION_FRAME,melee_slash_vfx_sequence,,motes_fade,07,BRAMBLE_KITS_84_93.zip,BRAMBLE_84_93/91_melee_slash_vfx_sequence/frames/07_motes_fade.png,32f5c78fe9890e06b142b678dfd5321bcdae02baf24af7c942399d3649ebb1d0,copied,,VISUAL_MASTER_READY
A00375,combat/vfx/melee_slash_vfx_sequence/master.png,combat,vfx,MASTER,melee_slash_vfx_sequence,,,,BRAMBLE_KITS_84_93.zip,BRAMBLE_84_93/91_melee_slash_vfx_sequence/master.png,27167f570f7aa1083e90422c6d4f1691dfede87ef6b1c9d3862b3555e3311338,copied,,VISUAL_MASTER_READY
A00376,combat/vfx/specialist_advanced.png,combat,vfx,PRODUCTION_SINGLE,kit_09_bundle,,,,BRAMBLE_10_Asset_Kits.zip,BRAMBLE_10_Asset_Kits/vfx/specialist_advanced.png,6f159326c89dc5b6f1dcbb5d39bb34c21c545d2d44db6b193508aa89787449a1,copied,,VISUAL_MASTER_READY
A00377,combat/vfx/specialist_starters.png,combat,vfx,PRODUCTION_SINGLE,kit_09_bundle,,,,BRAMBLE_10_Asset_Kits.zip,BRAMBLE_10_Asset_Kits/vfx/specialist_starters.png,8ed096149974318d4fa91f499accfee7441949c2d323c27c7ac5e6c55c15a204,copied,,VISUAL_MASTER_READY
A00378,combat/vfx/unarmed_magic_cast_poses/master.png,combat,vfx,MASTER,unarmed_magic_cast_poses,,,,BRAMBLE_KITS_84_93.zip,BRAMBLE_84_93/90_unarmed_magic_cast_poses/master.png,5fc6a0b91e0618e6114465cd0673ec1e19b8ab963de41d7dce844c1d20064c70,copied,,VISUAL_MASTER_READY
A00379,items/materials/amber_shard.png,items,materials,PRODUCTION_SINGLE,loot_crafting,,,,BRAMBLE_30_35.zip,BRAMBLE_30_35/32_loot_crafting/amber_shard.png,133ab25238b409629400b2d89d5ad706818891e7108938b19439321990ac0395,copied,,VISUAL_MASTER_ADJUST
A00380,items/materials/copper_ore.png,items,materials,PRODUCTION_SINGLE,loot_crafting,,,,BRAMBLE_30_35.zip,BRAMBLE_30_35/32_loot_crafting/copper_ore.png,00de18892abf75e33a74156d5783ee7131b827cc9d82cb928c603bd4e3dbca1c,copied,,VISUAL_MASTER_ADJUST
A00381,items/materials/herb_bundle.png,items,materials,PRODUCTION_SINGLE,loot_crafting,,,,BRAMBLE_30_35.zip,BRAMBLE_30_35/32_loot_crafting/herb_bundle.png,5d976facebf4ecc5f35f51ae0a3418a26130459b289c1fe1f8a9ff25fe0ca212,copied,,VISUAL_MASTER_ADJUST
A00382,items/materials/wood_charm.png,items,materials,PRODUCTION_SINGLE,loot_crafting,,,,BRAMBLE_30_35.zip,BRAMBLE_30_35/32_loot_crafting/wood_charm.png,26a62d9adb422c6a136734bcdd43a35458027e1efd3d8698a6def6319a62cf96,copied,,VISUAL_MASTER_ADJUST
A00383,items/misc/berries.png,items,misc,PRODUCTION_SINGLE,loot_crafting,,,,BRAMBLE_30_35.zip,BRAMBLE_30_35/32_loot_crafting/berries.png,c67e6dc413f7330d15eaf70e4f2ff014e67362b1ab225408534524e75149219f,copied,,VISUAL_MASTER_ADJUST
A00384,items/misc/blue_crystal.png,items,misc,PRODUCTION_SINGLE,loot_crafting,,,,BRAMBLE_30_35.zip,BRAMBLE_30_35/32_loot_crafting/blue_crystal.png,8c3a8ab79fe3cf71935800040a643cec755faf9331796f2f05190fe77e014d54,copied,,VISUAL_MASTER_ADJUST
A00385,items/misc/boss_token.png,items,misc,PRODUCTION_SINGLE,loot_crafting,,,,BRAMBLE_30_35.zip,BRAMBLE_30_35/32_loot_crafting/boss_token.png,5257c5705322a534741826fed01ea684002cf697a8c50ee780c27a24a50fc77a,copied,,VISUAL_MASTER_ADJUST
A00386,items/misc/bronze_key.png,items,misc,PRODUCTION_SINGLE,loot_crafting,,,,BRAMBLE_30_35.zip,BRAMBLE_30_35/32_loot_crafting/bronze_key.png,629635ae5b75675e4ee437821f0d3737a880c21f1ea86a02297be654d3ab18e6,copied,,VISUAL_MASTER_ADJUST
A00387,items/misc/cloth_tunic.png,items,misc,PRODUCTION_SINGLE,loot_crafting,,,,BRAMBLE_30_35.zip,BRAMBLE_30_35/32_loot_crafting/cloth_tunic.png,ca49759c795ac6b72025144dbe62b305375e6c6e932fad9dfe2a08d387c850da,copied,,VISUAL_MASTER_ADJUST
A00388,items/misc/health_potion.png,items,misc,PRODUCTION_SINGLE,loot_crafting,,,,BRAMBLE_30_35.zip,BRAMBLE_30_35/32_loot_crafting/health_potion.png,217ca85ec9c4db99f6203fa7542dbeae7eaef17190f80f439b2e4b249234376a,copied,,VISUAL_MASTER_ADJUST
A00389,items/misc/leather_boots.png,items,misc,PRODUCTION_SINGLE,loot_crafting,,,,BRAMBLE_30_35.zip,BRAMBLE_30_35/32_loot_crafting/leather_boots.png,d41a521202b374311f1cbad7e00d8be80c836cc0981eb7ea32a04da17919926e,copied,,VISUAL_MASTER_ADJUST
A00390,items/misc/mana_potion.png,items,misc,PRODUCTION_SINGLE,loot_crafting,,,,BRAMBLE_30_35.zip,BRAMBLE_30_35/32_loot_crafting/mana_potion.png,b4c8d8d3c3adf6818e1519f1e97c3ec05e7cd108179b005a82f32a6938528184,copied,,VISUAL_MASTER_ADJUST
A00391,items/misc/monster_whisker.png,items,misc,PRODUCTION_SINGLE,loot_crafting,,,,BRAMBLE_30_35.zip,BRAMBLE_30_35/32_loot_crafting/monster_whisker.png,b2d68df7bf209109ed54cf2bf1027312eeaa7c20b2e41e0fda6f42bcb5a08192,copied,,VISUAL_MASTER_ADJUST
A00392,items/misc/reeds.png,items,misc,PRODUCTION_SINGLE,loot_crafting,,,,BRAMBLE_30_35.zip,BRAMBLE_30_35/32_loot_crafting/reeds.png,3f1427d4c641ee36aeb70e2ff27e809880900fe742cdf63cb4b8bde11a1e1081,copied,,VISUAL_MASTER_ADJUST
A00393,items/misc/specialist_card.png,items,misc,PRODUCTION_SINGLE,loot_crafting,,,,BRAMBLE_30_35.zip,BRAMBLE_30_35/32_loot_crafting/specialist_card.png,4905ff923da337abded22a15dbd8d2ecc8f83a56fb2d07ea19ac639fa0a2cb0c,copied,,VISUAL_MASTER_ADJUST
A00394,items/misc/supply_pouch.png,items,misc,PRODUCTION_SINGLE,loot_crafting,,,,BRAMBLE_30_35.zip,BRAMBLE_30_35/32_loot_crafting/supply_pouch.png,af2df5a78c075623cccec925065bc98958e80f80c8cc63606516f92f610985a6,copied,,VISUAL_MASTER_ADJUST
A00395,monsters/copper_mole/actions/attack.png,monsters,copper_mole,PRODUCTION_SINGLE,copper_mole,,attack,,BRAMBLE_54_63.zip,BRAMBLE_54_63/61_copper_mole_directions_actions/attack.png,a0103d904fbb12a769f5b096e9c77d903ddb8febe3710f075c3f1c7be79ceceb,copied,,VISUAL_MASTER_ADJUST
A00396,monsters/copper_mole/actions/defeated.png,monsters,copper_mole,PRODUCTION_SINGLE,copper_mole,,defeated,,BRAMBLE_54_63.zip,BRAMBLE_54_63/61_copper_mole_directions_actions/defeated.png,cfdd9ef414f340dd0aafced9bd37d6f13b58e115f1e3312054cf775b6843698b,copied,,VISUAL_MASTER_ADJUST
A00397,monsters/copper_mole/actions/hit.png,monsters,copper_mole,PRODUCTION_SINGLE,copper_mole,,hit,,BRAMBLE_54_63.zip,BRAMBLE_54_63/61_copper_mole_directions_actions/hit.png,33bf67fed587a19c411bd6070d6423961e1e5c78a2bc4a1dd508921e08ff4eb7,copied,,VISUAL_MASTER_ADJUST
A00398,monsters/copper_mole/actions/idle.png,monsters,copper_mole,PRODUCTION_SINGLE,copper_mole,,idle,,BRAMBLE_54_63.zip,BRAMBLE_54_63/61_copper_mole_directions_actions/idle_ready.png,d7aabb66bf3fa22b1ff827fb2c968aa339e98a6939292d801f7f037ae8e1417e,copied,,VISUAL_MASTER_ADJUST
A00399,monsters/copper_mole/animations/attack_01/04_attack_01.png,monsters,copper_mole,PRODUCTION_FRAME,copper_mole,,attack_01,04,BRAMBLE_ANIMATION_KITS_64_73.zip,BRAMBLE_64_73/72_copper_mole_idle_attack/frames/04_attack_01.png,99afa05674eb88ff935b421dd48c2a9ba4941a94f1ced0cb41cec4323ff42d4f,copied,,VISUAL_MASTER_ADJUST
A00400,monsters/copper_mole/animations/attack_02/05_attack_02.png,monsters,copper_mole,PRODUCTION_FRAME,copper_mole,,attack_02,05,BRAMBLE_ANIMATION_KITS_64_73.zip,BRAMBLE_64_73/72_copper_mole_idle_attack/frames/05_attack_02.png,92ba60f99a7ff819db76e63017e6bcf3fec7344b8f173e05fa15215092002973,copied,,VISUAL_MASTER_ADJUST
A00401,monsters/copper_mole/animations/attack_03/06_attack_03.png,monsters,copper_mole,PRODUCTION_FRAME,copper_mole,,attack_03,06,BRAMBLE_ANIMATION_KITS_64_73.zip,BRAMBLE_64_73/72_copper_mole_idle_attack/frames/06_attack_03.png,b042521bfa650c0019f113267349df08a0ab4d3d9335966add05cd1a9900a8fb,copied,,VISUAL_MASTER_ADJUST
A00402,monsters/copper_mole/animations/attack_04/07_attack_04.png,monsters,copper_mole,PRODUCTION_FRAME,copper_mole,,attack_04,07,BRAMBLE_ANIMATION_KITS_64_73.zip,BRAMBLE_64_73/72_copper_mole_idle_attack/frames/07_attack_04.png,d325fb1b733ce459d53bf975c365f92599f72e7514d0081eee19cb97d19e87df,copied,,VISUAL_MASTER_ADJUST
A00403,monsters/copper_mole/animations/defeated_01/04_defeated_01.png,monsters,copper_mole,PRODUCTION_FRAME,copper_mole,,defeated_01,04,BRAMBLE_ANIMATION_KITS_64_73.zip,BRAMBLE_64_73/73_copper_mole_hit_defeated/frames/04_defeated_01.png,763dfb8cfe3c9a71c080d1d38857764dc73c8aedfb84c3a8df834ad80d7449b8,copied,,VISUAL_MASTER_ADJUST
A00404,monsters/copper_mole/animations/defeated_02/05_defeated_02.png,monsters,copper_mole,PRODUCTION_FRAME,copper_mole,,defeated_02,05,BRAMBLE_ANIMATION_KITS_64_73.zip,BRAMBLE_64_73/73_copper_mole_hit_defeated/frames/05_defeated_02.png,86d57f9463a9977b57a51b16df3726e75e5f40b592efbad6b77d5eacea419829,copied,,VISUAL_MASTER_ADJUST
A00405,monsters/copper_mole/animations/defeated_03/06_defeated_03.png,monsters,copper_mole,PRODUCTION_FRAME,copper_mole,,defeated_03,06,BRAMBLE_ANIMATION_KITS_64_73.zip,BRAMBLE_64_73/73_copper_mole_hit_defeated/frames/06_defeated_03.png,b409aecdad40e6201ce384b44e4e07b081af121a2c45bcbe28cc2261b97be011,copied,,VISUAL_MASTER_ADJUST
A00406,monsters/copper_mole/animations/defeated_04/07_defeated_04.png,monsters,copper_mole,PRODUCTION_FRAME,copper_mole,,defeated_04,07,BRAMBLE_ANIMATION_KITS_64_73.zip,BRAMBLE_64_73/73_copper_mole_hit_defeated/frames/07_defeated_04.png,cc2532f63c3819d493a5e195f4c86485950c7b7b182ec36ed183993d839a0821,copied,,VISUAL_MASTER_ADJUST
A00407,monsters/copper_mole/animations/hit_01/00_hit_01.png,monsters,copper_mole,PRODUCTION_FRAME,copper_mole,,hit_01,00,BRAMBLE_ANIMATION_KITS_64_73.zip,BRAMBLE_64_73/73_copper_mole_hit_defeated/frames/00_hit_01.png,7c424a337093765721f1650a4d6e494c4bd31a6736a5240b0cc00af851c9f7ba,copied,,VISUAL_MASTER_ADJUST
A00408,monsters/copper_mole/animations/hit_02/01_hit_02.png,monsters,copper_mole,PRODUCTION_FRAME,copper_mole,,hit_02,01,BRAMBLE_ANIMATION_KITS_64_73.zip,BRAMBLE_64_73/73_copper_mole_hit_defeated/frames/01_hit_02.png,9bcdb36c97f47f7cb6edef964588a9f3dadd9d67edb235c815e665690d9afb8c,copied,,VISUAL_MASTER_ADJUST
A00409,monsters/copper_mole/animations/hit_03/02_hit_03.png,monsters,copper_mole,PRODUCTION_FRAME,copper_mole,,hit_03,02,BRAMBLE_ANIMATION_KITS_64_73.zip,BRAMBLE_64_73/73_copper_mole_hit_defeated/frames/02_hit_03.png,5b0cd7bdeed8f088895f3d213bb193713df2ac61b3405f283c7f6666a968ab9c,copied,,VISUAL_MASTER_ADJUST
A00410,monsters/copper_mole/animations/hit_04/03_hit_04.png,monsters,copper_mole,PRODUCTION_FRAME,copper_mole,,hit_04,03,BRAMBLE_ANIMATION_KITS_64_73.zip,BRAMBLE_64_73/73_copper_mole_hit_defeated/frames/03_hit_04.png,a6af2734eb172b90ca2b1a60aac3d5ebdbbdf425e52960cd7f81128a96920bfb,copied,,VISUAL_MASTER_ADJUST
A00411,monsters/copper_mole/animations/idle_01/00_idle_01.png,monsters,copper_mole,PRODUCTION_FRAME,copper_mole,,idle_01,00,BRAMBLE_ANIMATION_KITS_64_73.zip,BRAMBLE_64_73/72_copper_mole_idle_attack/frames/00_idle_01.png,2f9f860aafd87ed062ed762c1579750a7c9463d7d1a5fa370685d73e010f0ea5,copied,,VISUAL_MASTER_ADJUST
A00412,monsters/copper_mole/animations/idle_02/01_idle_02.png,monsters,copper_mole,PRODUCTION_FRAME,copper_mole,,idle_02,01,BRAMBLE_ANIMATION_KITS_64_73.zip,BRAMBLE_64_73/72_copper_mole_idle_attack/frames/01_idle_02.png,ccde28baab77ff691554a98d171569d961414c33d56df1f9b5e345a1aae2f111,copied,,VISUAL_MASTER_ADJUST
A00413,monsters/copper_mole/animations/idle_03/02_idle_03.png,monsters,copper_mole,PRODUCTION_FRAME,copper_mole,,idle_03,02,BRAMBLE_ANIMATION_KITS_64_73.zip,BRAMBLE_64_73/72_copper_mole_idle_attack/frames/02_idle_03.png,ac29d8d96633e68594ca0b93c287fa079d29c31cebfeac77f04c208cd7a5b7d8,copied,,VISUAL_MASTER_ADJUST
A00414,monsters/copper_mole/animations/idle_04/03_idle_04.png,monsters,copper_mole,PRODUCTION_FRAME,copper_mole,,idle_04,03,BRAMBLE_ANIMATION_KITS_64_73.zip,BRAMBLE_64_73/72_copper_mole_idle_attack/frames/03_idle_04.png,923b78b6f10cbf860914f784c3244f9ee7d7e2960cbb400f094b2e8305f05f5f,copied,,VISUAL_MASTER_ADJUST
A00415,monsters/copper_mole/directions/back.png,monsters,copper_mole,PRODUCTION_DIRECTION,copper_mole,back,,,BRAMBLE_54_63.zip,BRAMBLE_54_63/61_copper_mole_directions_actions/back.png,2100764bf900456c8c26846a649afc4b19a29265e298a003bd2d8af0f362bf21,copied,,VISUAL_MASTER_READY
A00416,monsters/copper_mole/directions/front.png,monsters,copper_mole,PRODUCTION_DIRECTION,copper_mole,front,,,BRAMBLE_54_63.zip,BRAMBLE_54_63/61_copper_mole_directions_actions/front.png,44784e189ac0438e57a8225e6a2ed7c53b05683e3749ab0ac5d2d8e27245f28e,copied,,VISUAL_MASTER_READY
A00417,monsters/copper_mole/directions/left.png,monsters,copper_mole,PRODUCTION_DIRECTION,copper_mole,left,,,BRAMBLE_54_63.zip,BRAMBLE_54_63/61_copper_mole_directions_actions/left.png,fcf146ab1bd78d10150be4bee93ad777deb50646e0554adf34586dad9649ac25,copied,,VISUAL_MASTER_READY
A00418,monsters/copper_mole/directions/right.png,monsters,copper_mole,PRODUCTION_DIRECTION,copper_mole,right,,,BRAMBLE_54_63.zip,BRAMBLE_54_63/61_copper_mole_directions_actions/right.png,e0b35ed8d6f7eaf28b351cfb8413689db8b2be3be7dbc48edc985bf2ba65a2c3,copied,,VISUAL_MASTER_READY
A00419,monsters/crystal_beetle/directions/back.png,monsters,crystal_beetle,PRODUCTION_DIRECTION,crystal_beetle,back,,,BRAMBLE_21_29.zip,BRAMBLE_21_29/24_crystal_beetle_directions/back.png,839ca7dbb127aae5c27f34db83234718286a8076f389a615ba7acd2f85437ca0,copied,,VISUAL_MASTER_READY
A00420,monsters/crystal_beetle/directions/front.png,monsters,crystal_beetle,PRODUCTION_DIRECTION,crystal_beetle,front,,,BRAMBLE_21_29.zip,BRAMBLE_21_29/24_crystal_beetle_directions/front.png,49554e012c37cde4d903b7cbec5604cbc1ccd35dc2653147c7fbc2f2db02fa94,copied,,VISUAL_MASTER_READY
A00421,monsters/crystal_beetle/directions/left.png,monsters,crystal_beetle,PRODUCTION_DIRECTION,crystal_beetle,left,,,BRAMBLE_21_29.zip,BRAMBLE_21_29/24_crystal_beetle_directions/left.png,7d7f68fc0ff1730b494618ac96a4bf7336bc6e05668830200f80149247a3cd8b,copied,,VISUAL_MASTER_READY
A00422,monsters/crystal_beetle/directions/right.png,monsters,crystal_beetle,PRODUCTION_DIRECTION,crystal_beetle,right,,,BRAMBLE_21_29.zip,BRAMBLE_21_29/24_crystal_beetle_directions/right.png,5eff4ecbf9a3c8d7282f629259be40b3950368816795d224c62d3bb7a03fd4ef,copied,,VISUAL_MASTER_READY
A00423,monsters/crystal_beetle/master.png,monsters,crystal_beetle,MASTER,crystal_beetle,,,,BRAMBLE_21_29.zip,BRAMBLE_21_29/24_crystal_beetle_directions/master.png,a6a83698b30259e50c697fe8f3ebadc3e6989ef02c7eb7d9b4bc8bd503c1cb20,copied,,VISUAL_MASTER_ADJUST
A00424,monsters/lantern_moth/directions/back.png,monsters,lantern_moth,PRODUCTION_DIRECTION,lantern_moth,back,,,BRAMBLE_38_43.zip,BRAMBLE_38_43/42_lantern_moth_directions/back.png,afc5c05146f0f5ddc5daadb82c8c485c8872323b7b0b390a6a4e7c982f8dfc3c,copied,,VISUAL_MASTER_READY
A00425,monsters/lantern_moth/directions/front.png,monsters,lantern_moth,PRODUCTION_DIRECTION,lantern_moth,front,,,BRAMBLE_38_43.zip,BRAMBLE_38_43/42_lantern_moth_directions/front.png,ae6baa5bbd2a68bf043d9ba6e2e3edbe736e07470f7ec3e6a0190814cfc146d7,copied,,VISUAL_MASTER_READY
A00426,monsters/lantern_moth/directions/left.png,monsters,lantern_moth,PRODUCTION_DIRECTION,lantern_moth,left,,,BRAMBLE_38_43.zip,BRAMBLE_38_43/42_lantern_moth_directions/left.png,010a69fc7a5c506130c8334e6869b71565804646fa37d363dfd942be0d5bd8e6,copied,,VISUAL_MASTER_READY
A00427,monsters/lantern_moth/directions/right.png,monsters,lantern_moth,PRODUCTION_DIRECTION,lantern_moth,right,,,BRAMBLE_38_43.zip,BRAMBLE_38_43/42_lantern_moth_directions/right.png,50f24a7a922ce3ae398c3905dd050115f7e9eec559aa214ef83cdb63f7f6d3b8,copied,,VISUAL_MASTER_READY
A00428,monsters/lantern_moth/master.png,monsters,lantern_moth,MASTER,lantern_moth,,,,BRAMBLE_38_43.zip,BRAMBLE_38_43/42_lantern_moth_directions/master.png,e445fb886e56b8847a44b1b56b4d8764faa35fad6a04b25ed4815580674fe7a9,copied,,VISUAL_MASTER_ADJUST
A00429,monsters/moorling/actions/attack.png,monsters,moorling,ACTION_ASSET,moorling,,attack,,BRAMBLE_54_63.zip,BRAMBLE_54_63/60_moorling_directions_actions/attack.png,d1042f10286d4433a3ed0753204c2f304117ebba8c9943a8e1d6bb8cd7000f7e,copied,CONFIRMED_MOORLING,VISUAL_MASTER_ADJUST
A00430,monsters/moorling/actions/defeated.png,monsters,moorling,ACTION_ASSET,moorling,,defeated,,BRAMBLE_54_63.zip,BRAMBLE_54_63/60_moorling_directions_actions/defeated.png,2ccdbe57258ef5eeba210784bc5dcfed70d6bfa32fb6195a9fc9d090ad80a4cc,copied,CONFIRMED_MOORLING,VISUAL_MASTER_ADJUST
A00431,monsters/moorling/actions/hit.png,monsters,moorling,ACTION_ASSET,moorling,,hit,,BRAMBLE_54_63.zip,BRAMBLE_54_63/60_moorling_directions_actions/hit.png,a7f67423a519d73d5c39421cfa6c7695aa8a9c2a03ce52666031df0d37bcc935,copied,CONFIRMED_MOORLING,VISUAL_MASTER_ADJUST
A00432,monsters/moorling/actions/idle.png,monsters,moorling,ACTION_ASSET,moorling,,idle,,BRAMBLE_54_63.zip,BRAMBLE_54_63/60_moorling_directions_actions/idle_ready.png,990b9266c112855c76a187fb231766cfa260102e4fcffda783db6b7d21e841eb,copied,CONFIRMED_MOORLING,VISUAL_MASTER_ADJUST
A00433,monsters/moorling/animations/attack_01/04_attack_01.png,monsters,moorling,ANIMATION_FRAME,moorling,,attack,04,BRAMBLE_ANIMATION_KITS_64_73.zip,BRAMBLE_64_73/70_moorling_idle_attack/frames/04_attack_01.png,21522d7963bdd06a83a3b2857d738d8d53a397a53336a91822e8ac54c0b30674,copied,DERIVED_MOORLING frame 1,VISUAL_MASTER_ADJUST
A00434,monsters/moorling/animations/attack_02/05_attack_02.png,monsters,moorling,ANIMATION_FRAME,moorling,,attack,05,BRAMBLE_ANIMATION_KITS_64_73.zip,BRAMBLE_64_73/70_moorling_idle_attack/frames/05_attack_02.png,298f897b3d41ba050270146624cbf9289033f7c9436c1f1eac67b20818ab6cfb,copied,DERIVED_MOORLING frame 2,VISUAL_MASTER_ADJUST
A00435,monsters/moorling/animations/attack_03/06_attack_03.png,monsters,moorling,ANIMATION_FRAME,moorling,,attack,06,BRAMBLE_ANIMATION_KITS_64_73.zip,BRAMBLE_64_73/70_moorling_idle_attack/frames/06_attack_03.png,03a71d8fc5288870d8e6ce29f2e7c761007ffc7ad93344e80a719b0350ee33f7,copied,DERIVED_MOORLING frame 3,VISUAL_MASTER_ADJUST
A00436,monsters/moorling/animations/attack_04/07_attack_04.png,monsters,moorling,ANIMATION_FRAME,moorling,,attack,07,BRAMBLE_ANIMATION_KITS_64_73.zip,BRAMBLE_64_73/70_moorling_idle_attack/frames/07_attack_04.png,4f6802118a446b06e37fc5fcc2bc8b5fd17a046be672a3b9ae4eb9cbe6960418,copied,DERIVED_MOORLING frame 4,VISUAL_MASTER_ADJUST
A00437,monsters/moorling/animations/defeated_01/04_defeated_01.png,monsters,moorling,ANIMATION_FRAME,moorling,,defeated,04,BRAMBLE_ANIMATION_KITS_64_73.zip,BRAMBLE_64_73/71_moorling_hit_defeated/frames/04_defeated_01.png,3556d0a81d922ea7905d8d711a60e1239819e6cd4a07dc2420ab7f911731bf5f,copied,DERIVED_MOORLING frame 1,VISUAL_MASTER_ADJUST
A00438,monsters/moorling/animations/defeated_02/05_defeated_02.png,monsters,moorling,ANIMATION_FRAME,moorling,,defeated,05,BRAMBLE_ANIMATION_KITS_64_73.zip,BRAMBLE_64_73/71_moorling_hit_defeated/frames/05_defeated_02.png,9213554d63b21933226d665809527887c476ddaafc1c3d97af9b15764d075e20,copied,DERIVED_MOORLING frame 2,VISUAL_MASTER_ADJUST
A00439,monsters/moorling/animations/defeated_03/06_defeated_03.png,monsters,moorling,ANIMATION_FRAME,moorling,,defeated,06,BRAMBLE_ANIMATION_KITS_64_73.zip,BRAMBLE_64_73/71_moorling_hit_defeated/frames/06_defeated_03.png,9b69baa92b46ab1236981b6df0b35aec033e564c77fd2de8ae3d5f26b618f578,copied,DERIVED_MOORLING frame 3,VISUAL_MASTER_ADJUST
A00440,monsters/moorling/animations/defeated_04/07_defeated_04.png,monsters,moorling,ANIMATION_FRAME,moorling,,defeated,07,BRAMBLE_ANIMATION_KITS_64_73.zip,BRAMBLE_64_73/71_moorling_hit_defeated/frames/07_defeated_04.png,026c1990068006999b41abf8406131ca456471d5595dc865cc453fba16ad7a9f,copied,DERIVED_MOORLING frame 4,VISUAL_MASTER_ADJUST
A00441,monsters/moorling/animations/hit_01/00_hit_01.png,monsters,moorling,ANIMATION_FRAME,moorling,,hit,00,BRAMBLE_ANIMATION_KITS_64_73.zip,BRAMBLE_64_73/71_moorling_hit_defeated/frames/00_hit_01.png,63c8fc5af9c2c520db54f6b11b22dafaa2a53221eb182baabc42e5a6b3077d1b,copied,DERIVED_MOORLING frame 1,VISUAL_MASTER_ADJUST
A00442,monsters/moorling/animations/hit_02/01_hit_02.png,monsters,moorling,ANIMATION_FRAME,moorling,,hit,01,BRAMBLE_ANIMATION_KITS_64_73.zip,BRAMBLE_64_73/71_moorling_hit_defeated/frames/01_hit_02.png,4341c4f1aa10044371d37511175c5581cc991cdbaa668ee14b11fd32f97de877,copied,DERIVED_MOORLING frame 2,VISUAL_MASTER_ADJUST
A00443,monsters/moorling/animations/hit_03/02_hit_03.png,monsters,moorling,ANIMATION_FRAME,moorling,,hit,02,BRAMBLE_ANIMATION_KITS_64_73.zip,BRAMBLE_64_73/71_moorling_hit_defeated/frames/02_hit_03.png,3bfd86514b1f75cbfe34ce799a196533299141cfefb0588596f2afdaa068402b,copied,DERIVED_MOORLING frame 3,VISUAL_MASTER_ADJUST
A00444,monsters/moorling/animations/hit_04/03_hit_04.png,monsters,moorling,ANIMATION_FRAME,moorling,,hit,03,BRAMBLE_ANIMATION_KITS_64_73.zip,BRAMBLE_64_73/71_moorling_hit_defeated/frames/03_hit_04.png,a1b48664d819667cfd02c02f5cbf84b0943c3b066cdc0bd13be95dd45f847d23,copied,DERIVED_MOORLING frame 4,VISUAL_MASTER_ADJUST
A00445,monsters/moorling/animations/idle_01/00_idle_01.png,monsters,moorling,ANIMATION_FRAME,moorling,,idle,00,BRAMBLE_ANIMATION_KITS_64_73.zip,BRAMBLE_64_73/70_moorling_idle_attack/frames/00_idle_01.png,8c74f46b9b4035fd6a28e8b59490a2ba3fff019dd3a7cf6bb19ee40f954461fd,copied,DERIVED_MOORLING frame 1,VISUAL_MASTER_ADJUST
A00446,monsters/moorling/animations/idle_02/01_idle_02.png,monsters,moorling,ANIMATION_FRAME,moorling,,idle,01,BRAMBLE_ANIMATION_KITS_64_73.zip,BRAMBLE_64_73/70_moorling_idle_attack/frames/01_idle_02.png,172ef693b6459a94e6e9d4e229c273df6d53fcfa0a19a454d0e78da49ba77969,copied,DERIVED_MOORLING frame 2,VISUAL_MASTER_ADJUST
A00447,monsters/moorling/animations/idle_03/02_idle_03.png,monsters,moorling,ANIMATION_FRAME,moorling,,idle,02,BRAMBLE_ANIMATION_KITS_64_73.zip,BRAMBLE_64_73/70_moorling_idle_attack/frames/02_idle_03.png,5848e68cc0627d30d3dca9beefb345d6c0779625827e1cf20fb45908308945ee,copied,DERIVED_MOORLING frame 3,VISUAL_MASTER_ADJUST
A00448,monsters/moorling/animations/idle_04/03_idle_04.png,monsters,moorling,ANIMATION_FRAME,moorling,,idle,03,BRAMBLE_ANIMATION_KITS_64_73.zip,BRAMBLE_64_73/70_moorling_idle_attack/frames/03_idle_04.png,1acad6556518b89cbdce7b57ac31ddd44fc3e8790b9c74ed9a97b0315f079941,copied,DERIVED_MOORLING frame 4,VISUAL_MASTER_ADJUST
A00449,monsters/moss_guardian/female_back.png,monsters,moss_guardian,PRODUCTION_SINGLE,moss_guardian,,,,BRAMBLE_38_43.zip,BRAMBLE_38_43/43_moss_guardian_male_female/female_back.png,56f019d1122a02a5ed110d3dadee124060dbdbcd8e419fa917fa7d3e9141c1a7,copied,,VISUAL_MASTER_ADJUST
A00450,monsters/moss_guardian/female_front.png,monsters,moss_guardian,PRODUCTION_SINGLE,moss_guardian,,,,BRAMBLE_38_43.zip,BRAMBLE_38_43/43_moss_guardian_male_female/female_front.png,9c87a32a7b785f53a75dab90ee5962ae52755c87bfd94d8233fc378e4f167f60,copied,,VISUAL_MASTER_ADJUST
A00451,monsters/moss_guardian/female_right.png,monsters,moss_guardian,PRODUCTION_SINGLE,moss_guardian,,,,BRAMBLE_38_43.zip,BRAMBLE_38_43/43_moss_guardian_male_female/female_right.png,c18ef78cd3a0579d85bdde2b35ebee0a69a3733ea1a2ccd6145c38d105d3d8d1,copied,,VISUAL_MASTER_ADJUST
A00452,monsters/moss_guardian/male_back.png,monsters,moss_guardian,PRODUCTION_SINGLE,moss_guardian,,,,BRAMBLE_38_43.zip,BRAMBLE_38_43/43_moss_guardian_male_female/male_back.png,f3537ca7bae8d7b1a6294bef9c9312889ae590addfba0cedce4357ab92c25583,copied,,VISUAL_MASTER_ADJUST
A00453,monsters/moss_guardian/male_front.png,monsters,moss_guardian,PRODUCTION_SINGLE,moss_guardian,,,,BRAMBLE_38_43.zip,BRAMBLE_38_43/43_moss_guardian_male_female/male_front.png,88fbabc13515cb76120631adfd23d68c1ffeeb186cebb7d2209e3745838cdd64,copied,,VISUAL_MASTER_ADJUST
A00454,monsters/moss_guardian/male_right.png,monsters,moss_guardian,PRODUCTION_SINGLE,moss_guardian,,,,BRAMBLE_38_43.zip,BRAMBLE_38_43/43_moss_guardian_male_female/male_right.png,bf4634d4abed7e1579de9e0bda9a868ea1f31da19f5d29cbdcfb1ad5d0379bbb,copied,,VISUAL_MASTER_ADJUST
A00455,monsters/moss_guardian/master.png,monsters,moss_guardian,MASTER,moss_guardian,,,,BRAMBLE_38_43.zip,BRAMBLE_38_43/43_moss_guardian_male_female/master.png,61d0515b9bb3210e5ad9767e15943b50ef110a61166d9a003c9d1fb4a3faa104,copied,,VISUAL_MASTER_ADJUST
A00456,monsters/root_guardian/root_guardian_attack_keypose.png,monsters,root_guardian,PRODUCTION_SINGLE,root_guardian,,,,BRAMBLE_44_48.zip,BRAMBLE_44_48/47_root_guardian_monster/root_guardian_attack_keypose.png,6fd43553eb82ed26cd709edc409b62d6ee8fab17325baf4c8f8697dc8cb7d442,copied,,VISUAL_MASTER_ADJUST
A00457,monsters/root_guardian/root_guardian_back.png,monsters,root_guardian,PRODUCTION_SINGLE,root_guardian,,,,BRAMBLE_44_48.zip,BRAMBLE_44_48/47_root_guardian_monster/root_guardian_back.png,cd4c5f3e4cdc60be049c7be07cbabd3c4d4d0abfaa559158878b269c45e3134c,copied,,VISUAL_MASTER_ADJUST
A00458,monsters/root_guardian/root_guardian_defeated_keypose.png,monsters,root_guardian,PRODUCTION_SINGLE,root_guardian,,,,BRAMBLE_44_48.zip,BRAMBLE_44_48/47_root_guardian_monster/root_guardian_defeated_keypose.png,225eb2da79d0285c4920b660ed2f2dc105d4c1407d180293c4e725bc88e97da9,copied,,VISUAL_MASTER_ADJUST
A00459,monsters/root_guardian/root_guardian_front.png,monsters,root_guardian,PRODUCTION_SINGLE,root_guardian,,,,BRAMBLE_44_48.zip,BRAMBLE_44_48/47_root_guardian_monster/root_guardian_front.png,400e97292d9ca5ea03812226f2d32fb49eac6f5e6c7d19988f7fb4869741da2b,copied,,VISUAL_MASTER_ADJUST
A00460,monsters/root_guardian/root_guardian_hit_keypose.png,monsters,root_guardian,PRODUCTION_SINGLE,root_guardian,,,,BRAMBLE_44_48.zip,BRAMBLE_44_48/47_root_guardian_monster/root_guardian_hit_keypose.png,bb0870eef22f00c1b14941aae2a513864619830ad56f87b9c9251f7c02b200da,copied,,VISUAL_MASTER_ADJUST
A00461,monsters/root_guardian/root_guardian_idle_keypose.png,monsters,root_guardian,PRODUCTION_SINGLE,root_guardian,,,,BRAMBLE_44_48.zip,BRAMBLE_44_48/47_root_guardian_monster/root_guardian_idle_keypose.png,cb586cb0eec048a5df14bd0aad3a729d8ff3c975f966e400265c143fbf60af74,copied,,VISUAL_MASTER_ADJUST
A00462,monsters/root_guardian/root_guardian_left.png,monsters,root_guardian,PRODUCTION_SINGLE,root_guardian,,,,BRAMBLE_44_48.zip,BRAMBLE_44_48/47_root_guardian_monster/root_guardian_left.png,8bc7e132896be0c56fcaca45eb5559fda60f356b6155a7e1dc9443f6fdeef6f8,copied,,VISUAL_MASTER_ADJUST
A00463,monsters/root_guardian/root_guardian_right.png,monsters,root_guardian,PRODUCTION_SINGLE,root_guardian,,,,BRAMBLE_44_48.zip,BRAMBLE_44_48/47_root_guardian_monster/root_guardian_right.png,74399cda26e29dee5a79adca46d8d720764c5597f1ba6b65af455d88b93603e8,copied,,VISUAL_MASTER_ADJUST
A00464,monsters/rootling/directions/back.png,monsters,rootling,PRODUCTION_DIRECTION,rootling,back,,,BRAMBLE_30_35.zip,BRAMBLE_30_35/33_rootling_directions/back.png,bdae542dd07bbd20fd64158c094633d6eeddcf044de2702a655526eac8272960,copied,,VISUAL_MASTER_READY
A00465,monsters/rootling/directions/front.png,monsters,rootling,PRODUCTION_DIRECTION,rootling,front,,,BRAMBLE_30_35.zip,BRAMBLE_30_35/33_rootling_directions/front.png,7e24dbe36d26aa66b745251d259cd3b4fb5acd7ed0ea6edc91e101c4feb70fb6,copied,,VISUAL_MASTER_READY
A00466,monsters/rootling/directions/left.png,monsters,rootling,PRODUCTION_DIRECTION,rootling,left,,,BRAMBLE_30_35.zip,BRAMBLE_30_35/33_rootling_directions/left.png,fb4c6c741b3e218729b586a55da39e16604579a58c7cf5561d8e7ab7dd838319,copied,,VISUAL_MASTER_READY
A00467,monsters/rootling/directions/right.png,monsters,rootling,PRODUCTION_DIRECTION,rootling,right,,,BRAMBLE_30_35.zip,BRAMBLE_30_35/33_rootling_directions/right.png,4c659bcaf8868dd4e21363539f7169ef1d82e6bc9c40053c928ba76344687973,copied,,VISUAL_MASTER_READY
A00468,monsters/rootling/master.png,monsters,rootling,MASTER,rootling,,,,BRAMBLE_30_35.zip,BRAMBLE_30_35/33_rootling_directions/master.png,8dced62ff1c1da16fd22a840b663aa514bc9871943f036ec9e4c62a8ae62a2cd,copied,,VISUAL_MASTER_ADJUST
A00469,monsters/ruins_wisp/directions/back.png,monsters,ruins_wisp,PRODUCTION_DIRECTION,ruins_wisp,back,,,BRAMBLE_21_29.zip,BRAMBLE_21_29/22_ruins_wisp_directions/back.png,0a843905af51c421363304f6746cbef83b1459a8b0e794eaaf62c350e0bf1308,copied,,VISUAL_MASTER_READY
A00470,monsters/ruins_wisp/directions/front.png,monsters,ruins_wisp,PRODUCTION_DIRECTION,ruins_wisp,front,,,BRAMBLE_21_29.zip,BRAMBLE_21_29/22_ruins_wisp_directions/front.png,385bd2901944106f8a31d494ff5d7ad28ff171e255bcdc1753cdf84c8a86715d,copied,,VISUAL_MASTER_READY
A00471,monsters/ruins_wisp/directions/left.png,monsters,ruins_wisp,PRODUCTION_DIRECTION,ruins_wisp,left,,,BRAMBLE_21_29.zip,BRAMBLE_21_29/22_ruins_wisp_directions/left.png,b29791edf8a6150251531b88789198783713c93bda3b6dae6aa034f86a584641,copied,,VISUAL_MASTER_READY
A00472,monsters/ruins_wisp/directions/right.png,monsters,ruins_wisp,PRODUCTION_DIRECTION,ruins_wisp,right,,,BRAMBLE_21_29.zip,BRAMBLE_21_29/22_ruins_wisp_directions/right.png,a83903e32384a8b23d5ce30a56d7ad4ff3561155122ad97cdec9050c25ebfd1c,copied,,VISUAL_MASTER_READY
A00473,monsters/ruins_wisp/master.png,monsters,ruins_wisp,MASTER,ruins_wisp,,,,BRAMBLE_21_29.zip,BRAMBLE_21_29/22_ruins_wisp_directions/master.png,4f5264e42d42f9797eca55470947878ddde1dbf3659b9a64a6e96a030012afcf,copied,,VISUAL_MASTER_ADJUST
A00474,monsters\copper_mole/kit23_master.png,monsters,copper_mole,MASTER,copper_mole,,,,BRAMBLE_21_29.zip,BRAMBLE_21_29/23_copper_mole_directions/master.png,a899d0103e2415cb8964e0668fd1a50437424bdab3bebfb32a1c8c2124625980,copied,path collision resolved with kit prefix,VISUAL_MASTER_ADJUST
A00475,monsters\copper_mole/kit61_master.png,monsters,copper_mole,MASTER,copper_mole,,,,BRAMBLE_54_63.zip,BRAMBLE_54_63/61_copper_mole_directions_actions/master.png,8838afcfdb24626e7978ad28b02b71a4bfd3c0002e5b6be49bb9c8d1fdb78cf6,copied,path collision resolved with kit prefix,VISUAL_MASTER_ADJUST
A00476,monsters\copper_mole/kit72_master.png,monsters,copper_mole,MASTER,copper_mole,,,,BRAMBLE_ANIMATION_KITS_64_73.zip,BRAMBLE_64_73/72_copper_mole_idle_attack/source_master.png,32ae1f5bc30922d49194c28dd90b25e6f97df95ad32dec74ee5a0ec00b606f71,copied,path collision resolved with kit prefix,VISUAL_MASTER_ADJUST
A00477,monsters\copper_mole/kit73_master.png,monsters,copper_mole,MASTER,copper_mole,,,,BRAMBLE_ANIMATION_KITS_64_73.zip,BRAMBLE_64_73/73_copper_mole_hit_defeated/source_master.png,993fe00251961097d3cc4ed08588b681fe92181fbc2b7781f96cb78bf4656a04,copied,path collision resolved with kit prefix,VISUAL_MASTER_ADJUST
A00478,references/source_sheets/kit_11_nebelbruch_vegetation.png,references,source_sheets,SOURCE_SHEET,nebelbruch_vegetation,,,,BRAMBLE_21_29.zip,BRAMBLE_21_29/21_moorling_directions/master.png,ba9b32728ec526a0637b32134a01e25b6909f2b90c0e304396f29ede619495c1,duplicate_of_primary,CONFIRMED exact alias of kit 11 vegetation sheet; source label is false,VISUAL_MASTER_REFERENCE_ONLY
A00479,references/source_sheets/kit_60_moorling_directions_actions.png,references,source_sheets,SOURCE_SHEET,moorling,,,,BRAMBLE_54_63.zip,BRAMBLE_54_63/60_moorling_directions_actions/master.png,df1242bda550a3361189b30e5b469de582a63683fa738b030fad86ee6f8ffb09,copied,RELATED_SOURCE_SHEET,VISUAL_MASTER_REFERENCE_ONLY
A00480,references/source_sheets/kit_70_moorling_idle_attack_source.png,references,source_sheets,SOURCE_SHEET,moorling,,,,BRAMBLE_ANIMATION_KITS_64_73.zip,BRAMBLE_64_73/70_moorling_idle_attack/source_master.png,ae7d335afd5d1ccc10765db26b1b9aaeaab032cd5eea0454a3b98e43fa87ecd6,copied,RELATED_SOURCE_SHEET,VISUAL_MASTER_REFERENCE_ONLY
A00481,references/source_sheets/kit_71_moorling_hit_defeated_source.png,references,source_sheets,SOURCE_SHEET,moorling,,,,BRAMBLE_ANIMATION_KITS_64_73.zip,BRAMBLE_64_73/71_moorling_hit_defeated/source_master.png,b77068035a2b0d4df4a8fa98d44bc47d502a70d95b84bd6a7d88ced532c28cf5,copied,RELATED_SOURCE_SHEET,VISUAL_MASTER_REFERENCE_ONLY
A00482,world/vegetation/glow_stump.png,world,vegetation,WORLD_ASSET,,,,,BRAMBLE_21_29.zip,BRAMBLE_21_29/21_moorling_directions/back.png,01e350965c0083a82b5e19e2f7b83b4257ac0bff7e16f5695d6d04cd64037c1b,copied,CONFIRMED kit 11 glow_stump extracted from mislabeled kit 21 source,VISUAL_MASTER_ADJUST
A00483,world/vegetation/swamp_willow.png,world,vegetation,WORLD_ASSET,,,,,BRAMBLE_21_29.zip,BRAMBLE_21_29/21_moorling_directions/front.png,da015f1b69ce8ae5cacc4bee03080490cd7f282aa0d7c92c2cf3c0257886b91c,copied,CONFIRMED kit 11 swamp_willow extracted from mislabeled kit 21 source,VISUAL_MASTER_ADJUST
A00484,world/vegetation/thornberry_bush.png,world,vegetation,WORLD_ASSET,,,,,BRAMBLE_21_29.zip,BRAMBLE_21_29/21_moorling_directions/left.png,3973b2ac3024244af6fa3d5883d86c99194021af56bad0e3944ea225a916e578,copied,CONFIRMED kit 11 thornberry_bush extracted from mislabeled kit 21 source,VISUAL_MASTER_ADJUST
A00485,world/vegetation/marsh_reeds.png,world,vegetation,WORLD_ASSET,,,,,BRAMBLE_21_29.zip,BRAMBLE_21_29/21_moorling_directions/right.png,136b222007ea171914db85b4243ec037f34f68180f36bffe368fc2ec8c3eb431,copied,CONFIRMED kit 11 marsh_reeds extracted from mislabeled kit 21 source,VISUAL_MASTER_ADJUST
A00486,monsters/moorling/directions/kit60_back.png,monsters,moorling,DIRECTIONAL_SPRITE,moorling,back,,,BRAMBLE_54_63.zip,BRAMBLE_54_63/60_moorling_directions_actions/back.png,54c6eb5945bf939f0ca802efb7f490db12535935969448a95e213e0d1188c82b,copied,CONFIRMED_MOORLING,VISUAL_MASTER_ADJUST
A00487,monsters/moorling/directions/kit60_front.png,monsters,moorling,DIRECTIONAL_SPRITE,moorling,front,,,BRAMBLE_54_63.zip,BRAMBLE_54_63/60_moorling_directions_actions/front.png,d95b0e1250e186cbf67f4f6341c638a775bbf50f23235b480e420c299c6617fc,copied,CONFIRMED_MOORLING,VISUAL_MASTER_ADJUST
A00488,monsters/moorling/directions/kit60_left.png,monsters,moorling,DIRECTIONAL_SPRITE,moorling,left,,,BRAMBLE_54_63.zip,BRAMBLE_54_63/60_moorling_directions_actions/left.png,7ac5cfb569c2af3c490eea1de7ca7537b5b546386450660ef7a1160b2a9922d9,copied,CONFIRMED_MOORLING,VISUAL_MASTER_ADJUST
A00489,monsters/moorling/directions/kit60_right.png,monsters,moorling,DIRECTIONAL_SPRITE,moorling,right,,,BRAMBLE_54_63.zip,BRAMBLE_54_63/60_moorling_directions_actions/right.png,348b1031a9fac64aa28ac84a2fb7def8ec125d7252e1eaed6214e71aaf64c8e6,copied,CONFIRMED_MOORLING,VISUAL_MASTER_ADJUST
A00490,monsters\root_guardian/kit47_master.png,monsters,root_guardian,MASTER,root_guardian,,,,BRAMBLE_44_48.zip,BRAMBLE_44_48/47_root_guardian_monster/action_master.png,41bac73ab98040912fef4696215293bb6b10586ece90e684f84acfa60d538389,copied,path collision resolved with kit prefix,VISUAL_MASTER_ADJUST
A00491,monsters\root_guardian/kit47_master.png,monsters,root_guardian,MASTER,root_guardian,,,,BRAMBLE_44_48.zip,BRAMBLE_44_48/47_root_guardian_monster/direction_master.png,8bbc437a514e5c76f289854772918b9c463ef3eaf8809ef78666b082dbadfa7f,cataloged,path collision resolved with kit prefix,VISUAL_MASTER_ADJUST
A00492,npcs/blacksmith/animations/00_idle_01.png,npcs,blacksmith,PRODUCTION_FRAME,blacksmith,,idle_01,00,BRAMBLE_ANIMATION_KITS_64_73.zip,BRAMBLE_64_73/68_blacksmith_idle_greet/frames/00_idle_01.png,788cc3ded8242babc8710b5ea879984e87af3cec92e912d58eef0e904b3c8665,copied,,VISUAL_MASTER_ADJUST
A00493,npcs/blacksmith/animations/01_idle_02.png,npcs,blacksmith,PRODUCTION_FRAME,blacksmith,,idle_02,01,BRAMBLE_ANIMATION_KITS_64_73.zip,BRAMBLE_64_73/68_blacksmith_idle_greet/frames/01_idle_02.png,02f00141533ae7055de3398c395d4888396542a9096ac7952468af5cd719949e,copied,,VISUAL_MASTER_ADJUST
A00494,npcs/blacksmith/animations/02_idle_03.png,npcs,blacksmith,PRODUCTION_FRAME,blacksmith,,idle_03,02,BRAMBLE_ANIMATION_KITS_64_73.zip,BRAMBLE_64_73/68_blacksmith_idle_greet/frames/02_idle_03.png,960f1a849d4f207874b6e63f389317c8133386ce29233af2701af7115b684a56,copied,,VISUAL_MASTER_ADJUST
A00495,npcs/blacksmith/animations/03_idle_04.png,npcs,blacksmith,PRODUCTION_FRAME,blacksmith,,idle_04,03,BRAMBLE_ANIMATION_KITS_64_73.zip,BRAMBLE_64_73/68_blacksmith_idle_greet/frames/03_idle_04.png,da822fb4ab77ca5d1b70db7b52696922c13615f73c491ca0474b6936cadbea8a,copied,,VISUAL_MASTER_ADJUST
A00496,npcs/blacksmith/animations/04_greet_01.png,npcs,blacksmith,PRODUCTION_FRAME,blacksmith,,greet_01,04,BRAMBLE_ANIMATION_KITS_64_73.zip,BRAMBLE_64_73/68_blacksmith_idle_greet/frames/04_greet_01.png,6eeb330d1e7bcd79ec2a169f7919d0c76c1e5d183b7d513c8bc0452a920a9513,copied,,VISUAL_MASTER_ADJUST
A00497,npcs/blacksmith/animations/05_greet_02.png,npcs,blacksmith,PRODUCTION_FRAME,blacksmith,,greet_02,05,BRAMBLE_ANIMATION_KITS_64_73.zip,BRAMBLE_64_73/68_blacksmith_idle_greet/frames/05_greet_02.png,9e3230ad1afa91264ae00611ebc71d5422b54fdb0f14d6c22dedc81ba6e10201,copied,,VISUAL_MASTER_ADJUST
A00498,npcs/blacksmith/animations/06_greet_03.png,npcs,blacksmith,PRODUCTION_FRAME,blacksmith,,greet_03,06,BRAMBLE_ANIMATION_KITS_64_73.zip,BRAMBLE_64_73/68_blacksmith_idle_greet/frames/06_greet_03.png,a2812c7d0ec4c3616867c7e4816dd625704e3eed61e42d1c80cd008b5b024233,copied,,VISUAL_MASTER_ADJUST
A00499,npcs/blacksmith/animations/07_greet_04.png,npcs,blacksmith,PRODUCTION_FRAME,blacksmith,,greet_04,07,BRAMBLE_ANIMATION_KITS_64_73.zip,BRAMBLE_64_73/68_blacksmith_idle_greet/frames/07_greet_04.png,31e8fcb5e02143645436e5f5a5d7d29785a77770d84e775f70baca33ebdef16d,copied,,VISUAL_MASTER_ADJUST
A00500,npcs/blacksmith/directions/back.png,npcs,blacksmith,PRODUCTION_DIRECTION,blacksmith,back,,,BRAMBLE_54_63.zip,BRAMBLE_54_63/58_blacksmith_8_directions/back.png,b7d2817bfee34ea4b94aba4b88e5d958f38f0db9dda5878f3b6b2a49aa819c76,copied,,VISUAL_MASTER_READY
A00501,npcs/blacksmith/directions/back_left.png,npcs,blacksmith,PRODUCTION_DIRECTION,blacksmith,back_left,,,BRAMBLE_54_63.zip,BRAMBLE_54_63/58_blacksmith_8_directions/back_left.png,d92dc4a77ea49b6d7e7dfb0e3cf0a0122669c64ef99d235ca38f298ba5b736b2,copied,,VISUAL_MASTER_READY
A00502,npcs/blacksmith/directions/back_right.png,npcs,blacksmith,PRODUCTION_DIRECTION,blacksmith,back_right,,,BRAMBLE_54_63.zip,BRAMBLE_54_63/58_blacksmith_8_directions/back_right.png,bb64e0f7d44fd1b89000efdbde5a5efaa20f08147dfb6d34f3bdf882c7a65ee6,copied,,VISUAL_MASTER_READY
A00503,npcs/blacksmith/directions/front.png,npcs,blacksmith,PRODUCTION_DIRECTION,blacksmith,front,,,BRAMBLE_54_63.zip,BRAMBLE_54_63/58_blacksmith_8_directions/front.png,845d2f06ea26a0c1a355fc6b1fc7cc14c36c0b654c1c4804349c6e55e9c11c47,copied,,VISUAL_MASTER_READY
A00504,npcs/blacksmith/directions/front_left.png,npcs,blacksmith,PRODUCTION_DIRECTION,blacksmith,front_left,,,BRAMBLE_54_63.zip,BRAMBLE_54_63/58_blacksmith_8_directions/front_left.png,b529b160a5d01edc400a7f550694397b54f4b54e363790bdbcb8f034316bcd3e,copied,,VISUAL_MASTER_READY
A00505,npcs/blacksmith/directions/front_right.png,npcs,blacksmith,PRODUCTION_DIRECTION,blacksmith,front_right,,,BRAMBLE_54_63.zip,BRAMBLE_54_63/58_blacksmith_8_directions/front_right.png,41d9abcb1a59dec2f96da21a029ea7426dfd622f78e20c890ea4f7d95c938a40,copied,,VISUAL_MASTER_READY
A00506,npcs/blacksmith/directions/left.png,npcs,blacksmith,PRODUCTION_DIRECTION,blacksmith,left,,,BRAMBLE_54_63.zip,BRAMBLE_54_63/58_blacksmith_8_directions/left.png,9f9301ccab7997008a3d7d7541a12e2c09734d5a347d97a9585522243372c83a,copied,,VISUAL_MASTER_READY
A00507,npcs/blacksmith/directions/right.png,npcs,blacksmith,PRODUCTION_DIRECTION,blacksmith,right,,,BRAMBLE_54_63.zip,BRAMBLE_54_63/58_blacksmith_8_directions/right.png,a17d39b3e5dd200fc5796e6829d9bbb34599acffb253f91e9ac372d84b484b20,copied,,VISUAL_MASTER_READY
A00508,npcs/merchant/animations/00_idle_01.png,npcs,merchant,PRODUCTION_FRAME,merchant,,idle_01,00,BRAMBLE_ANIMATION_KITS_64_73.zip,BRAMBLE_64_73/69_merchant_idle_talk/frames/00_idle_01.png,95ce65c2876c5bfa80385a40771202afb6bcb7ba08927aebc95331cdda2eb361,copied,,VISUAL_MASTER_ADJUST
A00509,npcs/merchant/animations/01_idle_02.png,npcs,merchant,PRODUCTION_FRAME,merchant,,idle_02,01,BRAMBLE_ANIMATION_KITS_64_73.zip,BRAMBLE_64_73/69_merchant_idle_talk/frames/01_idle_02.png,8403236dc35ab1aac930a5f507a6b92f8289b7931fdecdba3357cd0280396253,copied,,VISUAL_MASTER_ADJUST
A00510,npcs/merchant/animations/02_idle_03.png,npcs,merchant,PRODUCTION_FRAME,merchant,,idle_03,02,BRAMBLE_ANIMATION_KITS_64_73.zip,BRAMBLE_64_73/69_merchant_idle_talk/frames/02_idle_03.png,3170cc64b979d56f28ae8e210d944e10715fc6abe5d63c866880af47706ae3ea,copied,,VISUAL_MASTER_ADJUST
A00511,npcs/merchant/animations/03_idle_04.png,npcs,merchant,PRODUCTION_FRAME,merchant,,idle_04,03,BRAMBLE_ANIMATION_KITS_64_73.zip,BRAMBLE_64_73/69_merchant_idle_talk/frames/03_idle_04.png,82658f243094bfea98e8fc35ceb0ee9f5a3850e31f0eb7f9e26bdd3d41e1de9d,copied,,VISUAL_MASTER_ADJUST
A00512,npcs/merchant/animations/04_talk_01.png,npcs,merchant,PRODUCTION_FRAME,merchant,,talk_01,04,BRAMBLE_ANIMATION_KITS_64_73.zip,BRAMBLE_64_73/69_merchant_idle_talk/frames/04_talk_01.png,8d73baaa750add2b371b35d7d4b0575c7542d8603f99606bbfb2987e00326020,copied,,VISUAL_MASTER_ADJUST
A00513,npcs/merchant/animations/05_talk_02.png,npcs,merchant,PRODUCTION_FRAME,merchant,,talk_02,05,BRAMBLE_ANIMATION_KITS_64_73.zip,BRAMBLE_64_73/69_merchant_idle_talk/frames/05_talk_02.png,45a666c4eca0309ff3c595b722cf9cbab10f142e025b6d030667c8e0df85a4c5,copied,,VISUAL_MASTER_ADJUST
A00514,npcs/merchant/animations/06_talk_03.png,npcs,merchant,PRODUCTION_FRAME,merchant,,talk_03,06,BRAMBLE_ANIMATION_KITS_64_73.zip,BRAMBLE_64_73/69_merchant_idle_talk/frames/06_talk_03.png,f188eb82aec09c2c94b1adecf17191bec45f3d90bc4bfa74b059018a9f4b9090,copied,,VISUAL_MASTER_ADJUST
A00515,npcs/merchant/animations/07_talk_04.png,npcs,merchant,PRODUCTION_FRAME,merchant,,talk_04,07,BRAMBLE_ANIMATION_KITS_64_73.zip,BRAMBLE_64_73/69_merchant_idle_talk/frames/07_talk_04.png,4c52a5259e25a37a5684952298cc291b3ab03f7805a974069f0de0214c3dcac0,copied,,VISUAL_MASTER_ADJUST
A00516,npcs/merchant/directions/back.png,npcs,merchant,PRODUCTION_DIRECTION,merchant,back,,,BRAMBLE_54_63.zip,BRAMBLE_54_63/59_merchant_8_directions/back.png,ea890ab859c44be461aa969ded4af25d1d28048b7067818968ea6baba528f28f,copied,,VISUAL_MASTER_READY
A00517,npcs/merchant/directions/back_left.png,npcs,merchant,PRODUCTION_DIRECTION,merchant,back_left,,,BRAMBLE_54_63.zip,BRAMBLE_54_63/59_merchant_8_directions/back_left.png,15e2dd0ea47fe0e2abfc4970dd194e6843e0381cc6ec5d6572c1c775eacab754,copied,,VISUAL_MASTER_READY
A00518,npcs/merchant/directions/back_right.png,npcs,merchant,PRODUCTION_DIRECTION,merchant,back_right,,,BRAMBLE_54_63.zip,BRAMBLE_54_63/59_merchant_8_directions/back_right.png,5faca16acb5379f95450f2cd61a5a9d31dd29ec6b6d5474acc8ee87401d715d3,copied,,VISUAL_MASTER_READY
A00519,npcs/merchant/directions/front.png,npcs,merchant,PRODUCTION_DIRECTION,merchant,front,,,BRAMBLE_54_63.zip,BRAMBLE_54_63/59_merchant_8_directions/front.png,ddbd5c19bcb311369f851575d6828c7f8ae45b4025f4c2ddbf6b863c959418e4,copied,,VISUAL_MASTER_READY
A00520,npcs/merchant/directions/front_left.png,npcs,merchant,PRODUCTION_DIRECTION,merchant,front_left,,,BRAMBLE_54_63.zip,BRAMBLE_54_63/59_merchant_8_directions/front_left.png,9de809372abe30a863c29ec50c12ac0d7e644061f1d229ff7f12ce00deadf1a2,copied,,VISUAL_MASTER_READY
A00521,npcs/merchant/directions/front_right.png,npcs,merchant,PRODUCTION_DIRECTION,merchant,front_right,,,BRAMBLE_54_63.zip,BRAMBLE_54_63/59_merchant_8_directions/front_right.png,257138ada2a23c263709ac725e9f845c30861590ac72b5c367fa8d6e4295bed4,copied,,VISUAL_MASTER_READY
A00522,npcs/merchant/directions/left.png,npcs,merchant,PRODUCTION_DIRECTION,merchant,left,,,BRAMBLE_54_63.zip,BRAMBLE_54_63/59_merchant_8_directions/left.png,e19b63ec73877eb1b232706d485678714b44bdaa9d519ecff957d831c3596e95,copied,,VISUAL_MASTER_READY
A00523,npcs/merchant/directions/right.png,npcs,merchant,PRODUCTION_DIRECTION,merchant,right,,,BRAMBLE_54_63.zip,BRAMBLE_54_63/59_merchant_8_directions/right.png,72dd98fad983d8a789e1fda4351baede8dc215bf2a949ebe09e12da77daa6a9b,copied,,VISUAL_MASTER_READY
A00524,npcs/merchants/master.png,npcs,merchants,MASTER,merchants,,,,BRAMBLE_44_48.zip,BRAMBLE_44_48/46_village_merchants_male_female/master.png,b50b79c4c6ebf00b6f8dc4c8f004b6bde3689180d9ecfe0bed4ad79d2687aaf2,copied,,VISUAL_MASTER_ADJUST
A00525,npcs\blacksmith/kit58_master.png,npcs,blacksmith,MASTER,blacksmith,,,,BRAMBLE_54_63.zip,BRAMBLE_54_63/58_blacksmith_8_directions/master.png,5236eb6ab898598cbce8aef8ce706d8465193748ffb22ef5adfd0f680451c155,copied,path collision resolved with kit prefix,VISUAL_MASTER_ADJUST
A00526,npcs\blacksmith/kit68_master.png,npcs,blacksmith,MASTER,blacksmith,,,,BRAMBLE_ANIMATION_KITS_64_73.zip,BRAMBLE_64_73/68_blacksmith_idle_greet/source_master.png,5fd69e8d2c8c21c7bbd4d7e15496ba6a65fd21e59534c34900885facce9a473c,copied,path collision resolved with kit prefix,VISUAL_MASTER_ADJUST
A00527,npcs\merchant/kit59_master.png,npcs,merchant,MASTER,merchant,,,,BRAMBLE_54_63.zip,BRAMBLE_54_63/59_merchant_8_directions/master.png,3ff08f65addf47a3a4851513da53ba6527879bb66ed0e47fbcd462ca9ad57365,copied,path collision resolved with kit prefix,VISUAL_MASTER_ADJUST
A00528,npcs\merchant/kit69_master.png,npcs,merchant,MASTER,merchant,,,,BRAMBLE_ANIMATION_KITS_64_73.zip,BRAMBLE_64_73/69_merchant_idle_talk/source_master.png,58e4d734521e1d0b7c22cc52ec79fa7b758c4105d8206144ab9279d951af54a4,copied,path collision resolved with kit prefix,VISUAL_MASTER_ADJUST
A00529,npcs\merchants\directions/kit46_back.png,npcs,merchants,PRODUCTION_DIRECTION,merchants,back,,,BRAMBLE_44_48.zip,BRAMBLE_44_48/46_village_merchants_male_female/merchant_female_back.png,435ecc33b4fa926d00b6e4ca36c9ed68d8e5c9f71497e6e71ea275a9011c4420,copied,path collision resolved with kit prefix,VISUAL_MASTER_ADJUST
A00530,npcs\merchants\directions/kit46_back.png,npcs,merchants,PRODUCTION_DIRECTION,merchants,back,,,BRAMBLE_44_48.zip,BRAMBLE_44_48/46_village_merchants_male_female/merchant_male_back.png,27229efdad66b360831ce492e51e173bf62b606c837a782a7fb8c949ad18695f,cataloged,path collision resolved with kit prefix,VISUAL_MASTER_ADJUST
A00531,npcs\merchants\directions/kit46_front.png,npcs,merchants,PRODUCTION_DIRECTION,merchants,front,,,BRAMBLE_44_48.zip,BRAMBLE_44_48/46_village_merchants_male_female/merchant_female_front.png,9c1751c62aa4ba11d81f7fc514b30a710c06f2910212ebd13557b09d506210fa,copied,path collision resolved with kit prefix,VISUAL_MASTER_ADJUST
A00532,npcs\merchants\directions/kit46_front.png,npcs,merchants,PRODUCTION_DIRECTION,merchants,front,,,BRAMBLE_44_48.zip,BRAMBLE_44_48/46_village_merchants_male_female/merchant_male_front.png,a1460af9ff088aa3ca090092dffcb2587ee0ce67ac6fa74226b77e804276154b,cataloged,path collision resolved with kit prefix,VISUAL_MASTER_ADJUST
A00533,npcs\merchants\directions/kit46_right.png,npcs,merchants,PRODUCTION_DIRECTION,merchants,right,,,BRAMBLE_44_48.zip,BRAMBLE_44_48/46_village_merchants_male_female/merchant_female_right.png,4e047da9c447a7e1bddac3e05b348cdbffd49500a76e330e7ea28cf6d2f6b0be,cataloged,path collision resolved with kit prefix,VISUAL_MASTER_ADJUST
A00534,npcs\merchants\directions/kit46_right.png,npcs,merchants,PRODUCTION_DIRECTION,merchants,right,,,BRAMBLE_44_48.zip,BRAMBLE_44_48/46_village_merchants_male_female/merchant_male_right.png,30b1e1a9154a69c567c11181c59ebae6a1867df6345861ee95c6085e34205bc4,copied,path collision resolved with kit prefix,VISUAL_MASTER_ADJUST
A00535,references/camera/hainweiler_oblique_concept.png,references,camera,PREVIEW,,,,,BRAMBLE_36_37.zip,BRAMBLE_36_37/camera_concepts/hainweiler_oblique_concept.png,d0d88f057517c8e0f07ba8b5a42684c8c75b324e56f558c05a4d61b467f999e7,copied,,VISUAL_MASTER_REFERENCE_ONLY
A00536,references/camera/nebelbruch_oblique_concept.png,references,camera,PREVIEW,,,,,BRAMBLE_36_37.zip,BRAMBLE_36_37/camera_concepts/nebelbruch_oblique_concept.png,7efa3b1b6b617f39ee9bef769cad3ce044eec0318ece31196378cdae45526720,copied,,VISUAL_MASTER_REFERENCE_ONLY
A00537,references/concepts/gameplay_landscape_concept.png,references,concepts,PREVIEW,,,,,BRAMBLE_21_29.zip,BRAMBLE_21_29/gameplay_landscape_concept.png,cbcae9c3f40a7238b9eb5c543b431aebf2df97be87a2186feba14fdc77f7a767,copied,,VISUAL_MASTER_REFERENCE_ONLY
A00538,references/concepts/gameplay_portrait_concept.png,references,concepts,PREVIEW,,,,,BRAMBLE_21_29.zip,BRAMBLE_21_29/gameplay_portrait_concept.png,8156be548a319b52eefa912c18bd38e10b7cd5ae97584b503f0d93fa90827bd0,copied,,VISUAL_MASTER_REFERENCE_ONLY
A00539,references/source_sheets/kit_12_nebelbruch_landmarks.png,references,source_sheets,SOURCE_SHEET,nebelbruch_landmarks,,,,BRAMBLE_21_29.zip,BRAMBLE_21_29/inventory_portrait_concept.png,81807e150439210b3f7704871ed471f110fe1bb27bd0b0f9c79c6487eac30013,duplicate_of_primary,CONFIRMED exact alias of kit 12 landmarks sheet; source label is false,VISUAL_MASTER_REFERENCE_ONLY
A00540,references/kit_metadata/kit_11/kit.json,references,kit_metadata,DOCUMENTATION,nebelbruch_vegetation,,,,BRAMBLE_KITS_11_20.zip,BRAMBLE_KITS_11_20/11_nebelbruch_vegetation/kit.json,6b9cf6753c9f0aeafbb76897015ae9ed29f84614f574696cb822be4977f3409f,copied,,VISUAL_MASTER_ADJUST
A00541,references/kit_metadata/kit_12/kit.json,references,kit_metadata,DOCUMENTATION,nebelbruch_landmarks,,,,BRAMBLE_KITS_11_20.zip,BRAMBLE_KITS_11_20/12_nebelbruch_landmarks/kit.json,939875272f9b464336dcfe137bd6f10b308f15238332237e76538c8f6dd02ac5,copied,,VISUAL_MASTER_ADJUST
A00542,references/kit_metadata/kit_13/kit.json,references,kit_metadata,DOCUMENTATION,alte_ruinen,,,,BRAMBLE_KITS_11_20.zip,BRAMBLE_KITS_11_20/13_alte_ruinen/kit.json,74b7c99c88c1aff3b0706edb344fcc39fb9e5ce8b96060dca79434b05555de37,copied,,VISUAL_MASTER_ADJUST
A00543,references/kit_metadata/kit_14/kit.json,references,kit_metadata,DOCUMENTATION,kupfermine,,,,BRAMBLE_KITS_11_20.zip,BRAMBLE_KITS_11_20/14_kupfermine/kit.json,ea819c9d2dc15cc7eadd6bcb00dff9fcaf53be1e6ecea817a6869a2a10476cb1,copied,,VISUAL_MASTER_ADJUST
A00544,references/kit_metadata/kit_15/kit.json,references,kit_metadata,DOCUMENTATION,kristallhoehle,,,,BRAMBLE_KITS_11_20.zip,BRAMBLE_KITS_11_20/15_kristallhoehle/kit.json,035ff8b00941a28647afb21f716f58b6859cb47454c20c1a861ed7f76da635db,copied,,VISUAL_MASTER_ADJUST
A00545,references/kit_metadata/kit_16/kit.json,references,kit_metadata,DOCUMENTATION,world_transitions,,,,BRAMBLE_KITS_11_20.zip,BRAMBLE_KITS_11_20/16_world_transitions/kit.json,9dc73a39fecbda09a2e7a091f78ac106823157c79855edf2fb4236f557ee2a71,copied,,VISUAL_MASTER_ADJUST
A00546,references/kit_metadata/kit_17/kit.json,references,kit_metadata,DOCUMENTATION,loot_chests,,,,BRAMBLE_KITS_11_20.zip,BRAMBLE_KITS_11_20/17_loot_chests/kit.json,ed6f6fbdbc4ded19ffd5c11834a7c52446b24138c2c6cb22ee48c3ef208fa1ed,copied,,VISUAL_MASTER_ADJUST
A00547,references/kit_metadata/kit_18/kit.json,references,kit_metadata,DOCUMENTATION,region_monsters,,,,BRAMBLE_KITS_11_20.zip,BRAMBLE_KITS_11_20/18_region_monsters/kit.json,9d0f6f6106214d1953dabe7c107b0e891eb3035e3347e3deebe0270ffd1b471f,copied,,VISUAL_MASTER_ADJUST
A00548,references/kit_metadata/kit_19/kit.json,references,kit_metadata,DOCUMENTATION,resources_quests,,,,BRAMBLE_KITS_11_20.zip,BRAMBLE_KITS_11_20/19_resources_quests/kit.json,6629396cc5421b6c9ea3ad83f104fb9473ce4dba2b82d929c9b00937729f9c30,copied,,VISUAL_MASTER_ADJUST
A00549,references/kit_metadata/kit_21/kit.json,references,kit_metadata,REFERENCE_ONLY,nebelbruch_vegetation,,,,BRAMBLE_21_29.zip,BRAMBLE_21_29/21_moorling_directions/kit.json,366cd9b5fb07cc7d31a33e5e758c7f54f273d17bc1cc7aa30c2aea4aba724073,copied,CONFIRMED mislabeled source metadata retained for provenance,VISUAL_MASTER_REFERENCE_ONLY
A00550,references/kit_metadata/kit_22/kit.json,references,kit_metadata,DOCUMENTATION,ruins_wisp,,,,BRAMBLE_21_29.zip,BRAMBLE_21_29/22_ruins_wisp_directions/kit.json,827f292a2f7ab301b86e2fa9c7e39672600c0098a06c7a502dc59122f664accf,copied,,VISUAL_MASTER_ADJUST
A00551,references/kit_metadata/kit_23/kit.json,references,kit_metadata,DOCUMENTATION,copper_mole,,,,BRAMBLE_21_29.zip,BRAMBLE_21_29/23_copper_mole_directions/kit.json,a20dc88d542409ac83cd58a2d6492e7ab2aa8f83535215d6339e7a653710bda0,copied,,VISUAL_MASTER_ADJUST
A00552,references/kit_metadata/kit_24/kit.json,references,kit_metadata,DOCUMENTATION,crystal_beetle,,,,BRAMBLE_21_29.zip,BRAMBLE_21_29/24_crystal_beetle_directions/kit.json,ef2beac9d2ea86f52ffa6906f85a1121cad50bc9fedfce081c8a936d7791fa89,copied,,VISUAL_MASTER_ADJUST
A00553,references/kit_metadata/kit_25/kit.json,references,kit_metadata,DOCUMENTATION,hud_frames,,,,BRAMBLE_21_29.zip,BRAMBLE_21_29/25_hud_frames/kit.json,f194d752a614d2a106138484d9067388b30d7407e05073d7cbe983ba8ff7fe78,copied,,VISUAL_MASTER_ADJUST
A00554,references/kit_metadata/kit_26/kit.json,references,kit_metadata,DOCUMENTATION,menu_frames,,,,BRAMBLE_21_29.zip,BRAMBLE_21_29/26_menu_frames/kit.json,b50904bc642acde4292fbeeebb5cc3d66bca9179e993d52a31edf2a30b0d98c9,copied,,VISUAL_MASTER_ADJUST
A00555,references/kit_metadata/kit_27/kit.json,references,kit_metadata,DOCUMENTATION,touch_controls,,,,BRAMBLE_21_29.zip,BRAMBLE_21_29/27_touch_controls/kit.json,1bbc10695375cc33627b43df7b83ff0021365f411446dcb4693367247eb322ed,copied,,VISUAL_MASTER_ADJUST
A00556,references/kit_metadata/kit_28/kit.json,references,kit_metadata,DOCUMENTATION,raid_loot_ui,,,,BRAMBLE_21_29.zip,BRAMBLE_21_29/28_raid_loot_ui/kit.json,f6e2f28b8b91e228d48fe1a2bc8ce1f39923b55b4b2f11074dbd9808986baa83,copied,,VISUAL_MASTER_ADJUST
A00557,references/kit_metadata/kit_29/kit.json,references,kit_metadata,DOCUMENTATION,world_system_ui,,,,BRAMBLE_21_29.zip,BRAMBLE_21_29/29_world_system_ui/kit.json,c5927842f4f6647c46eca9521b77aab62566776be0803f212aaaf3dc688426c6,copied,,VISUAL_MASTER_ADJUST
A00558,references/kit_metadata/kit_30/kit.json,references,kit_metadata,DOCUMENTATION,roads_riverbank,,,,BRAMBLE_30_35.zip,BRAMBLE_30_35/30_roads_riverbank/kit.json,17a32eb6c126cf07006efe2d73ad923cef7e95aa97bc1f0ddeb31a017d255494,copied,,VISUAL_MASTER_ADJUST
A00559,references/kit_metadata/kit_30/map_blueprint.json,references,kit_metadata,DOCUMENTATION,roads_riverbank,,,,BRAMBLE_30_35.zip,BRAMBLE_30_35/30_roads_riverbank/map_blueprint.json,e04c9fa66fc2f181e360a73dbe6b9baa30dd24a553ab66d3bb99c94518217ca6,copied,,VISUAL_MASTER_ADJUST
A00560,references/kit_metadata/kit_31/kit.json,references,kit_metadata,DOCUMENTATION,wilds,,,,BRAMBLE_30_35.zip,BRAMBLE_30_35/31_village_wilds/kit.json,35e96045de7a1ab65a04b1b4e454aeb27cdf616d34e02796d1262db140df248d,copied,,VISUAL_MASTER_ADJUST
A00561,references/kit_metadata/kit_32/kit.json,references,kit_metadata,DOCUMENTATION,loot_crafting,,,,BRAMBLE_30_35.zip,BRAMBLE_30_35/32_loot_crafting/kit.json,f477deb2df389dfb55b953561cebc3e12b37cbb02591ac9d30b707816fa6b653,copied,,VISUAL_MASTER_ADJUST
A00562,references/kit_metadata/kit_33/kit.json,references,kit_metadata,DOCUMENTATION,rootling,,,,BRAMBLE_30_35.zip,BRAMBLE_30_35/33_rootling_directions/kit.json,7713b1667c90a4948b8350db0df30fdd5343f4806d2813ed8ce42bf4265dd737,copied,,VISUAL_MASTER_ADJUST
A00563,references/kit_metadata/kit_34/kit.json,references,kit_metadata,DOCUMENTATION,leaf_bloom_vfx,,,,BRAMBLE_30_35.zip,BRAMBLE_30_35/34_leaf_bloom_vfx/kit.json,655383a77b07288e971a769cb067f95905d9dc1cf9fb62f7cb05779b75da7eff,copied,,VISUAL_MASTER_ADJUST
A00564,references/kit_metadata/kit_35/evolution.json,references,kit_metadata,DOCUMENTATION,specialist_wings,,,,BRAMBLE_30_35.zip,BRAMBLE_30_35/35_specialist_wings/evolution.json,9e3b90a283c52fb04ad412e746ddcd34c053426be148ec90a5f2b997d96fae85,copied,,VISUAL_MASTER_ADJUST
A00565,references/kit_metadata/kit_35/kit.json,references,kit_metadata,DOCUMENTATION,specialist_wings,,,,BRAMBLE_30_35.zip,BRAMBLE_30_35/35_specialist_wings/kit.json,2ed800f09e9550dbf8e33f837527759b76155ebf5105932faf0c50e964dbec15,copied,,VISUAL_MASTER_ADJUST
A00566,references/kit_metadata/kit_36/kit.json,references,kit_metadata,DOCUMENTATION,raised_village,,,,BRAMBLE_36_37.zip,BRAMBLE_36_37/36_raised_village/kit.json,61338a34c68b82b58ad12944d5a0a3b020f3a7074708bfab79dadcbb25882585,copied,,VISUAL_MASTER_ADJUST
A00567,references/kit_metadata/kit_37/kit.json,references,kit_metadata,DOCUMENTATION,biome,,,,BRAMBLE_36_37.zip,BRAMBLE_36_37/37_nightfall_biome/kit.json,91633e0631adc08d80e6cbd8754bda40209a9c1df5d5ba631f9fb3a9fc9a04e5,copied,,VISUAL_MASTER_ADJUST
A00568,references/kit_metadata/kit_38/kit.json,references,kit_metadata,DOCUMENTATION,ground_materials,,,,BRAMBLE_38_43.zip,BRAMBLE_38_43/38_ground_materials/kit.json,60a13b1e9c3afa2645777b789fabb09a9b8487f0d30bad54bbb0c82cd6e2f167,copied,,VISUAL_MASTER_ADJUST
A00569,references/kit_metadata/kit_39/kit.json,references,kit_metadata,DOCUMENTATION,buildings,,,,BRAMBLE_38_43.zip,BRAMBLE_38_43/39_village_buildings/kit.json,69d241c8564773d50733ac7f8b2973de5427275312c52080d302628191f4c037,copied,,VISUAL_MASTER_ADJUST
A00570,references/kit_metadata/kit_40/kit.json,references,kit_metadata,DOCUMENTATION,life,,,,BRAMBLE_38_43.zip,BRAMBLE_38_43/40_village_life/kit.json,e79e33ff5b32974732dc3031a1167169599b826cdaf43f3a7a562291a4e1a807,copied,,VISUAL_MASTER_ADJUST
A00571,references/kit_metadata/kit_41/kit.json,references,kit_metadata,DOCUMENTATION,buildings,,,,BRAMBLE_38_43.zip,BRAMBLE_38_43/41_nightfall_buildings/kit.json,702cc3a0d629614afaec4319add3b6c64387bbac38eb021aa98d17c22e786d94,copied,,VISUAL_MASTER_ADJUST
A00572,references/kit_metadata/kit_42/kit.json,references,kit_metadata,DOCUMENTATION,lantern_moth,,,,BRAMBLE_38_43.zip,BRAMBLE_38_43/42_lantern_moth_directions/kit.json,79b518886b87826a633d1d73bccb2dfb3e234ccc57ac3b7a01362d4f9cc357cf,copied,,VISUAL_MASTER_ADJUST
A00573,references/kit_metadata/kit_43/kit.json,references,kit_metadata,DOCUMENTATION,moss_guardian,,,,BRAMBLE_38_43.zip,BRAMBLE_38_43/43_moss_guardian_male_female/kit.json,087037509e7db25009c4a6884e581734da521206939b4b06d6607bebec1b628d,copied,,VISUAL_MASTER_ADJUST
A00574,references/kit_metadata/kit_44/kit.json,references,kit_metadata,DOCUMENTATION,cliff_modules,,,,BRAMBLE_44_48.zip,BRAMBLE_44_48/44_autumn_cliff_modules/kit.json,aee2189398255c75014e28da7cf247258ff52d80390fee1a664eb9686a4478b8,copied,,VISUAL_MASTER_ADJUST
A00575,references/kit_metadata/kit_45/kit.json,references,kit_metadata,DOCUMENTATION,cottage,,,,BRAMBLE_44_48.zip,BRAMBLE_44_48/45_layered_autumn_cottage/kit.json,f4885314a3dbbf5067d06ca62fe07f50279e8b889865474c79c5a06bbc36c608,copied,,VISUAL_MASTER_ADJUST
A00576,references/kit_metadata/kit_46/kit.json,references,kit_metadata,DOCUMENTATION,merchants,,,,BRAMBLE_44_48.zip,BRAMBLE_44_48/46_village_merchants_male_female/kit.json,9a810bb56d54bc2b73da666d6db5668d09c7980617d7506f456a4b6cb3e5171e,copied,,VISUAL_MASTER_ADJUST
A00577,references/kit_metadata/kit_47/kit.json,references,kit_metadata,DOCUMENTATION,root_guardian,,,,BRAMBLE_44_48.zip,BRAMBLE_44_48/47_root_guardian_monster/kit.json,bfb27d349c92bfd97c61fbe29461b0e8d7d8eb4d8897ec94bd5389d55b086902,copied,,VISUAL_MASTER_ADJUST
A00578,references/kit_metadata/kit_48/kit.json,references,kit_metadata,DOCUMENTATION,ember_knight_specialist,,,,BRAMBLE_44_48.zip,BRAMBLE_44_48/48_ember_knight_specialist_male_female/kit.json,bef4aa02606d321d5f28ff39cc9b1072b487467163f66993b6006c065774276e,copied,,VISUAL_MASTER_ADJUST
A00579,references/kit_metadata/kit_49/kit.json,references,kit_metadata,DOCUMENTATION,elevation_connectors,,,,BRAMBLE_49_53.zip,BRAMBLE_49_53/49_elevation_connectors/kit.json,c58640cd94147d95c3ef3f105f3df902386c5adad30375bc97bb670db9b22cf4,copied,,VISUAL_MASTER_ADJUST
A00580,references/kit_metadata/kit_50/kit.json,references,kit_metadata,DOCUMENTATION,water_riverbank_crossings,,,,BRAMBLE_49_53.zip,BRAMBLE_49_53/50_water_riverbank_crossings/kit.json,0576c39c65aa54988fccd3fb2d236210a3d3ff4714ceaccef18d43df927274d1,copied,,VISUAL_MASTER_ADJUST
A00581,references/kit_metadata/kit_51/kit.json,references,kit_metadata,DOCUMENTATION,hainweiler_building_modules,,,,BRAMBLE_49_53.zip,BRAMBLE_49_53/51_hainweiler_building_modules/kit.json,d814b65d1cb9484b0ed53724492c824d0fc9ace9f2f47b14714b840b71f0c162,copied,,VISUAL_MASTER_ADJUST
A00582,references/kit_metadata/kit_52/kit.json,references,kit_metadata,DOCUMENTATION,portals_checkpoints,,,,BRAMBLE_49_53.zip,BRAMBLE_49_53/52_portals_checkpoints/kit.json,4f2e91619fdf8994e87068a8522e06a0cc5be697924afe022c1117e9b3dbb806,copied,,VISUAL_MASTER_ADJUST
A00583,references/kit_metadata/kit_53/kit.json,references,kit_metadata,DOCUMENTATION,dungeon_raid_entrances,,,,BRAMBLE_49_53.zip,BRAMBLE_49_53/53_dungeon_raid_entrances/kit.json,8b237d7d87bb9be34cecc2376a44b77e834859de2883e842fbf5c6a83f41d8e7,copied,,VISUAL_MASTER_ADJUST
A00584,references/kit_metadata/kit_54/kit.json,references,kit_metadata,DOCUMENTATION,male,,,,BRAMBLE_54_63.zip,BRAMBLE_54_63/54_base_male_8_directions/kit.json,a4d1e9bb0f3bc96b29476879ab4ab39b1aeb4eccd9fcff417792d2b48122ccb8,copied,,VISUAL_MASTER_ADJUST
A00585,references/kit_metadata/kit_55/kit.json,references,kit_metadata,DOCUMENTATION,female,,,,BRAMBLE_54_63.zip,BRAMBLE_54_63/55_base_female_8_directions/kit.json,11c8533915d178a35cf346e9ab1544cbf5f8174bf3f1fd06e4b61022ac73efb7,copied,,VISUAL_MASTER_ADJUST
A00586,references/kit_metadata/kit_56/kit.json,references,kit_metadata,DOCUMENTATION,male,,,,BRAMBLE_54_63.zip,BRAMBLE_54_63/56_base_male_locomotion_damage/kit.json,0750364d39694c4f93cb4e027661ada0132b4384744a7ebad2c779a6e71e4920,copied,,VISUAL_MASTER_ADJUST
A00587,references/kit_metadata/kit_57/kit.json,references,kit_metadata,DOCUMENTATION,female,,,,BRAMBLE_54_63.zip,BRAMBLE_54_63/57_base_female_locomotion_damage/kit.json,5bf2e43ed56e0b441950419b477e300e4d16285badea955adb07851a636ba1d0,copied,,VISUAL_MASTER_ADJUST
A00588,references/kit_metadata/kit_58/kit.json,references,kit_metadata,DOCUMENTATION,blacksmith,,,,BRAMBLE_54_63.zip,BRAMBLE_54_63/58_blacksmith_8_directions/kit.json,df1849f05bb2b627be89da67c87ca1aad3434495684810dd387f4ef0b4a9fbc5,copied,,VISUAL_MASTER_ADJUST
A00589,references/kit_metadata/kit_59/kit.json,references,kit_metadata,DOCUMENTATION,merchant,,,,BRAMBLE_54_63.zip,BRAMBLE_54_63/59_merchant_8_directions/kit.json,114b5116c4cf6b3234fbc0d7514baf7643de0b91aedf646d733b5cad9d463dd0,copied,,VISUAL_MASTER_ADJUST
A00590,references/kit_metadata/kit_60/kit.json,references,kit_metadata,DOCUMENTATION,moorling,,,,BRAMBLE_54_63.zip,BRAMBLE_54_63/60_moorling_directions_actions/kit.json,74ad468cda3f359d8117ce59277b98f6d558bbe7626870ede527664a8c4b7c8f,copied,,VISUAL_MASTER_ADJUST
A00591,references/kit_metadata/kit_61/kit.json,references,kit_metadata,DOCUMENTATION,copper_mole,,,,BRAMBLE_54_63.zip,BRAMBLE_54_63/61_copper_mole_directions_actions/kit.json,643304f0204e2677aa49c68fe9dd20189119d2e8e1f8406b6455eab4a7792252,copied,,VISUAL_MASTER_ADJUST
A00592,references/kit_metadata/kit_62/kit.json,references,kit_metadata,DOCUMENTATION,mobile_hud_components,,,,BRAMBLE_54_63.zip,BRAMBLE_54_63/62_mobile_hud_components/kit.json,6f55517fc83a838d478fdd038644becf81ec641025fc3e80cb475bb3cbc4ebc3,copied,,VISUAL_MASTER_ADJUST
A00593,references/kit_metadata/kit_63/kit.json,references,kit_metadata,DOCUMENTATION,menu_panel_shells,,,,BRAMBLE_54_63.zip,BRAMBLE_54_63/63_menu_panel_shells/kit.json,dfc81cbeb9fd2adb81e5352e13c5f9fdd42d122ff124740b31650d6b978df8bc,copied,,VISUAL_MASTER_ADJUST
A00594,references/kit_metadata/kit_64/animation.json,references,kit_metadata,DOCUMENTATION,male,,,,BRAMBLE_ANIMATION_KITS_64_73.zip,BRAMBLE_64_73/64_male_idle_walk/animation.json,ec339b6cc2b14d5aeeda413a870cb0751d90a92a7b93a63111441abd0b55c547,copied,,VISUAL_MASTER_ADJUST
A00595,references/kit_metadata/kit_65/animation.json,references,kit_metadata,DOCUMENTATION,male,,,,BRAMBLE_ANIMATION_KITS_64_73.zip,BRAMBLE_64_73/65_male_run_damage/animation.json,07bfd2b39a8e3bdfe540726bff70cd09e485fc2abb33312b4d0d2e6e187a97f5,copied,,VISUAL_MASTER_ADJUST
A00596,references/kit_metadata/kit_66/animation.json,references,kit_metadata,DOCUMENTATION,female,,,,BRAMBLE_ANIMATION_KITS_64_73.zip,BRAMBLE_64_73/66_female_idle_walk/animation.json,40a17a4c94891668b779da8b00cdf8510a27f3acf4e83a8cee2d97da5b329f54,copied,,VISUAL_MASTER_ADJUST
A00597,references/kit_metadata/kit_67/animation.json,references,kit_metadata,DOCUMENTATION,female,,,,BRAMBLE_ANIMATION_KITS_64_73.zip,BRAMBLE_64_73/67_female_run_damage/animation.json,a631ff712ddb1a6d8f2a547ba468a0b255f2f1266f4049f7a47799dda1b25d42,copied,,VISUAL_MASTER_ADJUST
A00598,references/kit_metadata/kit_68/animation.json,references,kit_metadata,DOCUMENTATION,blacksmith,,,,BRAMBLE_ANIMATION_KITS_64_73.zip,BRAMBLE_64_73/68_blacksmith_idle_greet/animation.json,48b56413d9e46db57dff0e1a06a1b73a9b5ac14fc3190792ec11ab41307d16de,copied,,VISUAL_MASTER_ADJUST
A00599,references/kit_metadata/kit_69/animation.json,references,kit_metadata,DOCUMENTATION,merchant,,,,BRAMBLE_ANIMATION_KITS_64_73.zip,BRAMBLE_64_73/69_merchant_idle_talk/animation.json,4650bde51d0c80123c8661ad25a334a640cbf8b340ca8770d7db5924281a9243,copied,,VISUAL_MASTER_ADJUST
A00600,references/kit_metadata/kit_70/animation.json,references,kit_metadata,DOCUMENTATION,moorling,,,,BRAMBLE_ANIMATION_KITS_64_73.zip,BRAMBLE_64_73/70_moorling_idle_attack/animation.json,5ed510e39c11e589c4f6ee449ddd7008516d6b1f15f24e7d939f308fedd93c72,copied,,VISUAL_MASTER_ADJUST
A00601,references/kit_metadata/kit_71/animation.json,references,kit_metadata,DOCUMENTATION,moorling,,,,BRAMBLE_ANIMATION_KITS_64_73.zip,BRAMBLE_64_73/71_moorling_hit_defeated/animation.json,aff727b0c08861298c28cb6c751e90af5f4d427928f51874fc80a33cc35589d7,copied,,VISUAL_MASTER_ADJUST
A00602,references/kit_metadata/kit_72/animation.json,references,kit_metadata,DOCUMENTATION,copper_mole,,,,BRAMBLE_ANIMATION_KITS_64_73.zip,BRAMBLE_64_73/72_copper_mole_idle_attack/animation.json,77cbbd11369e28fab95a28cf43b03026a0792bb2d7e23cc5ba85891289804f07,copied,,VISUAL_MASTER_ADJUST
A00603,references/kit_metadata/kit_73/animation.json,references,kit_metadata,DOCUMENTATION,copper_mole,,,,BRAMBLE_ANIMATION_KITS_64_73.zip,BRAMBLE_64_73/73_copper_mole_hit_defeated/animation.json,b306a061cf2f7f846147c5f3d89ade08d7f9b7861b70ca6e6bbc6b0bc9ca0f44,copied,,VISUAL_MASTER_ADJUST
A00604,references/kit_metadata/kit_74/kit.json,references,kit_metadata,DOCUMENTATION,ui_core_controls,,,,BRAMBLE_KITS_74_83.zip,BRAMBLE_74_83/74_ui_core_controls/kit.json,8f2624de6e353f641f7a52459cce7801ed059859b8b5cdc0047b0fe475d9c863,copied,,VISUAL_MASTER_ADJUST
A00605,references/kit_metadata/kit_75/kit.json,references,kit_metadata,DOCUMENTATION,combat_hud_states,,,,BRAMBLE_KITS_74_83.zip,BRAMBLE_74_83/75_combat_hud_states/kit.json,d01a26161612676b16d0625801a584dba51c85ae11a1a6a34225933dae5d2f60,copied,,VISUAL_MASTER_ADJUST
A00606,references/kit_metadata/kit_76/kit.json,references,kit_metadata,DOCUMENTATION,inventory_equipment_character_ui,,,,BRAMBLE_KITS_74_83.zip,BRAMBLE_74_83/76_inventory_equipment_character_ui/kit.json,61819c656f87b4a13a3471564aeb9d798dcb73203ce30fa25735bb26721f74d7,copied,,VISUAL_MASTER_ADJUST
A00607,references/kit_metadata/kit_77/kit.json,references,kit_metadata,DOCUMENTATION,skills_specialist_progression_ui,,,,BRAMBLE_KITS_74_83.zip,BRAMBLE_74_83/77_skills_specialist_progression_ui/kit.json,a2e3c6c28dd2a628b71679f6386501396b5ebf3803f3699fb61797f2048797dc,copied,,VISUAL_MASTER_ADJUST
A00608,references/kit_metadata/kit_78/kit.json,references,kit_metadata,DOCUMENTATION,quest_map_portal_raid_ui,,,,BRAMBLE_KITS_74_83.zip,BRAMBLE_74_83/78_quest_map_portal_raid_ui/kit.json,f1742e6a7c26c94e8b5fc17e49b720892cacd2d2f7616d82ed69663fd8190213,copied,,VISUAL_MASTER_ADJUST
A00609,references/kit_metadata/kit_79/kit.json,references,kit_metadata,DOCUMENTATION,melee_weapons,,,,BRAMBLE_KITS_74_83.zip,BRAMBLE_74_83/79_melee_weapons/kit.json,8ca3937dc9841707ba2b71e4eb449f7e791b3cf7b29b53e2ed0c736c5f9de459,copied,,VISUAL_MASTER_ADJUST
A00610,references/kit_metadata/kit_80/kit.json,references,kit_metadata,DOCUMENTATION,ranged_weapons,,,,BRAMBLE_KITS_74_83.zip,BRAMBLE_74_83/80_ranged_weapons/kit.json,a4432a1a908a0c9a21a4aa8a0ebd507b3fcfbdb3d4da65d66df0927e1a3a032f,copied,,VISUAL_MASTER_ADJUST
A00611,references/kit_metadata/kit_81/kit.json,references,kit_metadata,DOCUMENTATION,magic_weapons_focuses,,,,BRAMBLE_KITS_74_83.zip,BRAMBLE_74_83/81_magic_weapons_focuses/kit.json,2aecdccacb55720002985eddfdc795f4679975bcb2e10babd2f24edb987ad97b,copied,,VISUAL_MASTER_ADJUST
A00612,references/kit_metadata/kit_82/kit.json,references,kit_metadata,DOCUMENTATION,shields_offhands_tools,,,,BRAMBLE_KITS_74_83.zip,BRAMBLE_74_83/82_shields_offhands_tools/kit.json,a67248a8c0948c6de91c45f6cbea81fc68906d937170189a953278a2fbf778b1,copied,,VISUAL_MASTER_ADJUST
A00613,references/kit_metadata/kit_83/kit.json,references,kit_metadata,DOCUMENTATION,armor_outfit_layers,,,,BRAMBLE_KITS_74_83.zip,BRAMBLE_74_83/83_armor_outfit_layers/kit.json,b9521dc6b14d5c3b0c04c23709fe7e341c9a2bae275a3655a2b6193b2ae77ed4,copied,,VISUAL_MASTER_ADJUST
A00614,references/kit_metadata/kit_84/kit.json,references,kit_metadata,DOCUMENTATION,forest_armor,,,,BRAMBLE_KITS_84_93.zip,BRAMBLE_84_93/84_forest_armor_pose_layers/kit.json,24e48481a4bfe79dca529f45d879fb897794723546cf4a064d250b6dfc87d941,copied,,VISUAL_MASTER_ADJUST
A00615,references/kit_metadata/kit_85/kit.json,references,kit_metadata,DOCUMENTATION,leather_armor,,,,BRAMBLE_KITS_84_93.zip,BRAMBLE_84_93/85_leather_armor_pose_layers/kit.json,e02d1703f223f55308ab49f3c043bd05ce9719bfb2fe962c7729c2780e0dc3d1,copied,,VISUAL_MASTER_ADJUST
A00616,references/kit_metadata/kit_86/kit.json,references,kit_metadata,DOCUMENTATION,knight_armor,,,,BRAMBLE_KITS_84_93.zip,BRAMBLE_84_93/86_knight_armor_pose_layers/kit.json,26940b94ab560d69c1e2ded4639f29ebdec8a1187c9e39f7fda49761e073bd76,copied,,VISUAL_MASTER_ADJUST
A00617,references/kit_metadata/kit_87/kit.json,references,kit_metadata,DOCUMENTATION,arcane_armor,,,,BRAMBLE_KITS_84_93.zip,BRAMBLE_84_93/87_arcane_armor_pose_layers/kit.json,7a32cdd5ff40fa3d7f2bb5be05c404b3bf911ab9eab4d47c4090f72879ed9e76,copied,,VISUAL_MASTER_ADJUST
A00618,references/kit_metadata/kit_88/kit.json,references,kit_metadata,DOCUMENTATION,unarmed_melee_attack_poses,,,,BRAMBLE_KITS_84_93.zip,BRAMBLE_84_93/88_unarmed_melee_attack_poses/kit.json,cdc1d1a97ae3b62be8661d3ec8789fd428a2c9cebced40a8913000682b457f80,copied,,VISUAL_MASTER_ADJUST
A00619,references/kit_metadata/kit_89/kit.json,references,kit_metadata,DOCUMENTATION,unarmed_ranged_attack_poses,,,,BRAMBLE_KITS_84_93.zip,BRAMBLE_84_93/89_unarmed_ranged_attack_poses/kit.json,8024e54ef96fd049817481b582547c2657aafe59aca91c0bc0d1273b191615be,copied,,VISUAL_MASTER_ADJUST
A00620,references/kit_metadata/kit_90/kit.json,references,kit_metadata,DOCUMENTATION,unarmed_magic_cast_poses,,,,BRAMBLE_KITS_84_93.zip,BRAMBLE_84_93/90_unarmed_magic_cast_poses/kit.json,579f0a2f4f403e0b332dff8d3ca792424e392fb0e69857a34b8d63960c334d7b,copied,,VISUAL_MASTER_ADJUST
A00621,references/kit_metadata/kit_91/kit.json,references,kit_metadata,DOCUMENTATION,melee_slash_vfx_sequence,,,,BRAMBLE_KITS_84_93.zip,BRAMBLE_84_93/91_melee_slash_vfx_sequence/kit.json,e43faf195ac792f27d00c68a8bf1c30a01ca699fc7b43baee9a45f1e912bb8d5,copied,,VISUAL_MASTER_ADJUST
A00622,references/kit_metadata/kit_92/kit.json,references,kit_metadata,DOCUMENTATION,ranged_projectiles_impacts,,,,BRAMBLE_KITS_84_93.zip,BRAMBLE_84_93/92_ranged_projectiles_impacts/kit.json,ea0146ac729999e04f1fb8af5d79800b919bda4e302f883a06486b5380003ebf,copied,,VISUAL_MASTER_ADJUST
A00623,references/kit_metadata/kit_93/kit.json,references,kit_metadata,DOCUMENTATION,magic_support_vfx,,,,BRAMBLE_KITS_84_93.zip,BRAMBLE_84_93/93_magic_support_vfx/kit.json,7f1ba948a9f504d52833c09282f8cf84d8f8374b17c0e8927f337bf22209953a,copied,,VISUAL_MASTER_ADJUST
A00624,references/kit_metadata/misc/map_blueprints.json,references,kit_metadata,DOCUMENTATION,,,,,BRAMBLE_KITS_11_20.zip,BRAMBLE_KITS_11_20/map_blueprints.json,e2dceed1f2d0603afb5bdd9786de0ced12be6697fb790f6a7a777935d10d87ab,copied,,VISUAL_MASTER_ADJUST
A00625,references/map_concepts/hainweiler_nordmarkt_reference.png,references,map_concepts,REFERENCE,,,,,BRAMBLE_38_43.zip,BRAMBLE_38_43/map_concepts/hainweiler_nordmarkt_reference.png,6c624535a43fb1b0ebd88bc255a06928e42ac1a6e1b5308236b1b772db7acb09,copied,,VISUAL_MASTER_REFERENCE_ONLY
A00626,references/masters/kit_32_loot_crafting_master.png,references,masters,MASTER,loot_crafting,,,,BRAMBLE_30_35.zip,BRAMBLE_30_35/32_loot_crafting/master.png,d77f5bd7ddd922f88ec49b253a0a38f2f54c2d35ee34d80526fa04862cc2d699,copied,,VISUAL_MASTER_REFERENCE_ONLY
A00627,references/masters/kit_37_nightfall_biome_master.png,references,masters,MASTER,biome,,,,BRAMBLE_36_37.zip,BRAMBLE_36_37/37_nightfall_biome/master.png,7e108f1e24e26e18cdd2e2e2a6f3416a5c094269adcd7ca84b3729aef18386b4,copied,,VISUAL_MASTER_REFERENCE_ONLY
A00628,references/masters/kit_38_ground_materials_master.png,references,masters,MASTER,ground_materials,,,,BRAMBLE_38_43.zip,BRAMBLE_38_43/38_ground_materials/painted_material_master.png,65578e9d89c5b4314eb01614c97e339b41bb640a486052978f979673a1bb0d3e,copied,,VISUAL_MASTER_REFERENCE_ONLY
A00629,references/masters/kit_45_layered_autumn_cottage_master.png,references,masters,MASTER,cottage,,,,BRAMBLE_44_48.zip,BRAMBLE_44_48/45_layered_autumn_cottage/master.png,b757905d255a9a04131baf06785849905dc3e94711f0426c6dccbd79bebaa19f,copied,,VISUAL_MASTER_REFERENCE_ONLY
A00630,references/masters/kit_64_male_idle_walk_master.png,references,masters,MASTER,male,,,,BRAMBLE_ANIMATION_KITS_64_73.zip,BRAMBLE_64_73/64_male_idle_walk/source_master.png,cfc5ed2d8e8a74dee6add2c88851bc73b0baef37ece0c6758615cfcd72e61bcb,copied,,VISUAL_MASTER_REFERENCE_ONLY
A00631,references/masters/kit_65_male_run_damage_master.png,references,masters,MASTER,male,,,,BRAMBLE_ANIMATION_KITS_64_73.zip,BRAMBLE_64_73/65_male_run_damage/source_master.png,23fd803515b202636cfe87e3aec4d4b192b62052c03529d43b37cd688cb908d2,copied,,VISUAL_MASTER_REFERENCE_ONLY
A00632,references/masters/kit_66_female_idle_walk_master.png,references,masters,MASTER,female,,,,BRAMBLE_ANIMATION_KITS_64_73.zip,BRAMBLE_64_73/66_female_idle_walk/source_master.png,7cbee4814324bc8900a15c874078674d70c43404ade597f796659f98d566f790,copied,,VISUAL_MASTER_REFERENCE_ONLY
A00633,references/masters/kit_67_female_run_damage_master.png,references,masters,MASTER,female,,,,BRAMBLE_ANIMATION_KITS_64_73.zip,BRAMBLE_64_73/67_female_run_damage/source_master.png,010f3ebb3bfd961e2a6bc050ca4887e83a89a773ddeea18309b7d04ad2967809,copied,,VISUAL_MASTER_REFERENCE_ONLY
A00634,references/masters/kit_79_melee_weapons_master.png,references,masters,MASTER,melee_weapons,,,,BRAMBLE_KITS_74_83.zip,BRAMBLE_74_83/79_melee_weapons/master.png,cc3a9506d3920902a55727c4362c8dd954d8f4016b45f11e8f02997406853efb,copied,,VISUAL_MASTER_REFERENCE_ONLY
A00635,references/masters/kit_80_ranged_weapons_master.png,references,masters,MASTER,ranged_weapons,,,,BRAMBLE_KITS_74_83.zip,BRAMBLE_74_83/80_ranged_weapons/master.png,e3fe5414db75fd4f38559e478c90ea5de9fd3629d959cb4cbefa68d7c2f627d4,copied,,VISUAL_MASTER_REFERENCE_ONLY
A00636,references/masters/kit_82_shields_offhands_tools_master.png,references,masters,MASTER,shields_offhands_tools,,,,BRAMBLE_KITS_74_83.zip,BRAMBLE_74_83/82_shields_offhands_tools/master.png,0f7d0cf94a1e029c13c5b4886272eea020dea60f03851d6a1ae531d5d8c1b2ff,copied,,VISUAL_MASTER_REFERENCE_ONLY
A00637,references/masters/kit_83_armor_outfit_layers_master.png,references,masters,MASTER,armor_outfit_layers,,,,BRAMBLE_KITS_74_83.zip,BRAMBLE_74_83/83_armor_outfit_layers/master.png,2b227169c55dcc7af7323e54a0bdc359a4981004979c78a305e7012fefde0049,copied,,VISUAL_MASTER_REFERENCE_ONLY
A00638,references/masters/kit_84_forest_armor_pose_layers_master.png,references,masters,MASTER,forest_armor,,,,BRAMBLE_KITS_84_93.zip,BRAMBLE_84_93/84_forest_armor_pose_layers/master.png,cb33e7841a21ba137c5a86d5ab5c10df0f6e737de3eecffe0169625da3b9e1c2,copied,,VISUAL_MASTER_REFERENCE_ONLY
A00639,references/masters/kit_85_leather_armor_pose_layers_master.png,references,masters,MASTER,leather_armor,,,,BRAMBLE_KITS_84_93.zip,BRAMBLE_84_93/85_leather_armor_pose_layers/master.png,1d8faadae31d27e85882014f503dc484556a8dce3eaf81996e636dcd3e400ed5,copied,,VISUAL_MASTER_REFERENCE_ONLY
A00640,references/masters/kit_86_knight_armor_pose_layers_master.png,references,masters,MASTER,knight_armor,,,,BRAMBLE_KITS_84_93.zip,BRAMBLE_84_93/86_knight_armor_pose_layers/master.png,1f0b61703d5c8d99007c0bf5ded0bfe2b0935f110539f96e4da1c48310938d28,copied,,VISUAL_MASTER_REFERENCE_ONLY
A00641,references/masters/kit_87_arcane_armor_pose_layers_master.png,references,masters,MASTER,arcane_armor,,,,BRAMBLE_KITS_84_93.zip,BRAMBLE_84_93/87_arcane_armor_pose_layers/master.png,26840bd9b0ddeac20c0711dc4189b253fd081e4ca41ee6f217ebddcd1badea36,copied,,VISUAL_MASTER_REFERENCE_ONLY
A00642,references/masters/kit_88_unarmed_melee_attack_poses_master.png,references,masters,MASTER,unarmed_melee_attack_poses,,,,BRAMBLE_KITS_84_93.zip,BRAMBLE_84_93/88_unarmed_melee_attack_poses/master.png,0f0d2136b78abcfbe9cf5ab6999b1a2550ca0fe4eb8521870a30691e6c04f0dc,copied,,VISUAL_MASTER_REFERENCE_ONLY
A00643,references/masters/kit_89_unarmed_ranged_attack_poses_master.png,references,masters,MASTER,unarmed_ranged_attack_poses,,,,BRAMBLE_KITS_84_93.zip,BRAMBLE_84_93/89_unarmed_ranged_attack_poses/master.png,d6530f8eb66488836aaef83d718867174490c73fa3ec2b1e13795f04f40d873c,copied,,VISUAL_MASTER_REFERENCE_ONLY
A00644,references/masters/kit_92_ranged_projectiles_impacts_master.png,references,masters,MASTER,ranged_projectiles_impacts,,,,BRAMBLE_KITS_84_93.zip,BRAMBLE_84_93/92_ranged_projectiles_impacts/master.png,cc54feb9517b04f4bb947c10b468a833ba1b7ad31d0ff8624ed8f1c79a843a45,copied,,VISUAL_MASTER_REFERENCE_ONLY
A00645,references/source_sheets/kit_13_alte_ruinen.png,references,source_sheets,SOURCE_SHEET,alte_ruinen,,,,BRAMBLE_21_29.zip,BRAMBLE_21_29/25_hud_frames/master.png,453a1ca0c23fddf53cbf9695f6ca4957d57ce58ba3915c65b164c74feef1fbf1,duplicate_of_primary,CONFIRMED exact alias of kit 13 ruins sheet; source label is false,VISUAL_MASTER_REFERENCE_ONLY
A00646,references/source_sheets/kit_14_kupfermine.png,references,source_sheets,SOURCE_SHEET,kupfermine,,,,BRAMBLE_21_29.zip,BRAMBLE_21_29/26_menu_frames/master.png,c4dc7bb1dbf33d06b189d027cfa5f839b40863a8d5a4a65da456ab65811f9d0a,duplicate_of_primary,CONFIRMED exact alias of kit 14 mine sheet; source label is false,VISUAL_MASTER_REFERENCE_ONLY
A00647,references/source_sheets/kit_15_kristallhoehle.png,references,source_sheets,SOURCE_SHEET,kristallhoehle,,,,BRAMBLE_21_29.zip,BRAMBLE_21_29/27_touch_controls/master.png,6cc3c2f07a265a627cc42b1b9b943c86ff5af280ad7cd065133978c2c1cb39bd,duplicate_of_primary,CONFIRMED exact alias of kit 15 crystal-cave sheet; source label is false,VISUAL_MASTER_REFERENCE_ONLY
A00648,references/source_sheets/kit_17_loot_chests.png,references,source_sheets,SOURCE_SHEET,loot_chests,,,,BRAMBLE_21_29.zip,BRAMBLE_21_29/28_raid_loot_ui/master.png,27f06f62b346bd6d1bf864ffb266ed18f66a5f8970f9d36a22df575a7fcf294d,duplicate_of_primary,CONFIRMED exact alias of kit 17 loot-chest sheet; source label is false,VISUAL_MASTER_REFERENCE_ONLY
A00649,references/source_sheets/kit_18_region_monsters.png,references,source_sheets,SOURCE_SHEET,region_monsters,,,,BRAMBLE_21_29.zip,BRAMBLE_21_29/29_world_system_ui/master.png,99b28a3c5b3f3e14da571d9b5906e06429b37f30ad9993578fe0ab88e05b2534,duplicate_of_primary,CONFIRMED exact alias of kit 18 monster sheet; source label is false,VISUAL_MASTER_REFERENCE_ONLY
A00650,references/masters/ui/kit_39_village_buildings_master.png,references,masters,MASTER,buildings,,,,BRAMBLE_38_43.zip,BRAMBLE_38_43/39_village_buildings/master.png,d0d09165d597bfcdb844c61e889088ce49705aa6bef21ec90d8331b437ef2f44,copied,,VISUAL_MASTER_REFERENCE_ONLY
A00651,references/masters/ui/kit_41_nightfall_buildings_master.png,references,masters,MASTER,buildings,,,,BRAMBLE_38_43.zip,BRAMBLE_38_43/41_nightfall_buildings/master.png,ac61778616be7a1c09abda7d2bbd823863ca7127666a39fe135393b18c82c175,copied,,VISUAL_MASTER_REFERENCE_ONLY
A00652,references/masters/ui/kit_51_hainweiler_building_modules_master.png,references,masters,MASTER,hainweiler_building_modules,,,,BRAMBLE_49_53.zip,BRAMBLE_49_53/51_hainweiler_building_modules/master.png,9d9fc593f6561eb85b0d1856e591ea122f87e96b63de528517ff69ae2c0ca145,copied,,VISUAL_MASTER_REFERENCE_ONLY
A00653,references/masters/ui/kit_53_dungeon_raid_entrances_master.png,references,masters,MASTER,dungeon_raid_entrances,,,,BRAMBLE_49_53.zip,BRAMBLE_49_53/53_dungeon_raid_entrances/master.png,43f358092111be0510d825a3b47776be427a474ac7f8ac760620e801abccdbca,copied,,VISUAL_MASTER_REFERENCE_ONLY
A00654,references/masters/ui/kit_62_mobile_hud_components_master.png,references,masters,MASTER,mobile_hud_components,,,,BRAMBLE_54_63.zip,BRAMBLE_54_63/62_mobile_hud_components/master.png,64a3bf049a30a91b2dae0ab53c9952a93697d070f46b5bb1744dd94c2b5b89f4,copied,,VISUAL_MASTER_REFERENCE_ONLY
A00655,references/masters/ui/kit_63_menu_panel_shells_master.png,references,masters,MASTER,menu_panel_shells,,,,BRAMBLE_54_63.zip,BRAMBLE_54_63/63_menu_panel_shells/master.png,2cc4de56af40fac7ff76f241c6477cfa901af944dc6d26dce13bf83ac5e6981e,copied,,VISUAL_MASTER_REFERENCE_ONLY
A00656,references/masters/ui/kit_74_ui_core_controls_master.png,references,masters,MASTER,ui_core_controls,,,,BRAMBLE_KITS_74_83.zip,BRAMBLE_74_83/74_ui_core_controls/master.png,1b1d868eca76716650d26a02d221489c57789785b3be67bda9819564c36b8c82,copied,,VISUAL_MASTER_REFERENCE_ONLY
A00657,references/masters/ui/kit_75_combat_hud_states_master.png,references,masters,MASTER,combat_hud_states,,,,BRAMBLE_KITS_74_83.zip,BRAMBLE_74_83/75_combat_hud_states/master.png,9e1d9e981ed93b9c5f9734e2bbab2d15c103c75f3d1626a1f7d81cf8a49051c4,copied,,VISUAL_MASTER_REFERENCE_ONLY
A00658,references/masters/ui/kit_76_inventory_equipment_character_ui_master.png,references,masters,MASTER,inventory_equipment_character_ui,,,,BRAMBLE_KITS_74_83.zip,BRAMBLE_74_83/76_inventory_equipment_character_ui/master.png,c1d5dc2ae82a3dcc843973a82090825866535d184627afcd92d8ff84dcbcd3dc,copied,,VISUAL_MASTER_REFERENCE_ONLY
A00659,references/masters/ui/kit_78_quest_map_portal_raid_ui_master.png,references,masters,MASTER,quest_map_portal_raid_ui,,,,BRAMBLE_KITS_74_83.zip,BRAMBLE_74_83/78_quest_map_portal_raid_ui/master.png,4bdc95354df49d2a8d0af9c469b2f981e0338591ab34df353c00dbcaf4f9c4c9,copied,,VISUAL_MASTER_REFERENCE_ONLY
A00660,references/masters/world/kit_30_roads_riverbank_master.png,references,masters,MASTER,roads_riverbank,,,,BRAMBLE_30_35.zip,BRAMBLE_30_35/30_roads_riverbank/master.png,ae71624ddeec28771fde152852aa469774f7c446fdc989253e34bb32c2113c61,copied,,VISUAL_MASTER_REFERENCE_ONLY
A00661,references/masters/world/kit_31_village_wilds_master.png,references,masters,MASTER,wilds,,,,BRAMBLE_30_35.zip,BRAMBLE_30_35/31_village_wilds/master.png,dc254963fe1de43d683b93bb3097f92a9723730ffa2dfe63aba64dad90f27a96,copied,,VISUAL_MASTER_REFERENCE_ONLY
A00662,references/masters/world/kit_36_raised_village_master.png,references,masters,MASTER,raised_village,,,,BRAMBLE_36_37.zip,BRAMBLE_36_37/36_raised_village/master.png,f360183a1fa5e3e05d4df09983ac55c0da8f49d2d4340785d931f02ca03427f0,copied,,VISUAL_MASTER_REFERENCE_ONLY
A00663,references/masters/world/kit_40_village_life_master.png,references,masters,MASTER,life,,,,BRAMBLE_38_43.zip,BRAMBLE_38_43/40_village_life/master.png,22158adcb8027af7cfff5ef130ee2acf572d9a43936e628f7e9f3dcce2e696f4,copied,,VISUAL_MASTER_REFERENCE_ONLY
A00664,references/masters/world/kit_44_autumn_cliff_modules_master.png,references,masters,MASTER,cliff_modules,,,,BRAMBLE_44_48.zip,BRAMBLE_44_48/44_autumn_cliff_modules/master.png,5b478f6eb2d2be18ae3cf00de65cb9896619a6d45bd03e8a7d292cbdcac5a444,copied,,VISUAL_MASTER_REFERENCE_ONLY
A00665,references/masters/world/kit_49_elevation_connectors_master.png,references,masters,MASTER,elevation_connectors,,,,BRAMBLE_49_53.zip,BRAMBLE_49_53/49_elevation_connectors/master.png,d93ec04c969c707828bdc1adecee761113e9aa2a831f958153fd82dec20f939e,copied,,VISUAL_MASTER_REFERENCE_ONLY
A00666,references/masters/world/kit_50_water_riverbank_crossings_master.png,references,masters,MASTER,water_riverbank_crossings,,,,BRAMBLE_49_53.zip,BRAMBLE_49_53/50_water_riverbank_crossings/master.png,2a058908a1228e3da6131b66b9c648601e16f523be9dd56706d7d1e03bbe2631,copied,,VISUAL_MASTER_REFERENCE_ONLY
A00667,references/masters/world/kit_52_portals_checkpoints_master.png,references,masters,MASTER,portals_checkpoints,,,,BRAMBLE_49_53.zip,BRAMBLE_49_53/52_portals_checkpoints/master.png,78e2799c52dd844626a9749bcf40ec0c8e1a9838851884a289cbc4001a194052,copied,,VISUAL_MASTER_REFERENCE_ONLY
A00668,references/previews/30_map_preview.jpg,references,previews,PREVIEW,roads_riverbank,,,,BRAMBLE_30_35.zip,BRAMBLE_30_35/30_roads_riverbank/map_preview.jpg,292038b8a6662e95b40c983d487a888783ff685fb0f949a740684bfc0fde2675,copied,,VISUAL_MASTER_REFERENCE_ONLY
A00669,references/previews/64_preview.webp,references,previews,PREVIEW,male,,,,BRAMBLE_ANIMATION_KITS_64_73.zip,BRAMBLE_64_73/64_male_idle_walk/preview.webp,c336dfb5b967078d3dc3aeddf332202c2e82797c3aa0b3b62ca3acf644e23d20,copied,,VISUAL_MASTER_REFERENCE_ONLY
A00670,references/previews/65_preview.webp,references,previews,PREVIEW,male,,,,BRAMBLE_ANIMATION_KITS_64_73.zip,BRAMBLE_64_73/65_male_run_damage/preview.webp,82a20ad38d18ff328226fa76aec93d134f0ba2393125d92732a61db4a94c5c63,copied,,VISUAL_MASTER_REFERENCE_ONLY
A00671,references/previews/66_preview.webp,references,previews,PREVIEW,female,,,,BRAMBLE_ANIMATION_KITS_64_73.zip,BRAMBLE_64_73/66_female_idle_walk/preview.webp,24b4d0d35e914245497969b38ccfee8906ea721693b517c5e4d8be8ffabf0b8e,copied,,VISUAL_MASTER_REFERENCE_ONLY
A00672,references/previews/67_preview.webp,references,previews,PREVIEW,female,,,,BRAMBLE_ANIMATION_KITS_64_73.zip,BRAMBLE_64_73/67_female_run_damage/preview.webp,712505db5149cc0062490d213f65ae77b990d39047f368735f5b571829dd79c4,copied,,VISUAL_MASTER_REFERENCE_ONLY
A00673,references/previews/68_preview.webp,references,previews,PREVIEW,blacksmith,,,,BRAMBLE_ANIMATION_KITS_64_73.zip,BRAMBLE_64_73/68_blacksmith_idle_greet/preview.webp,8dd2f4c9d044096daad6d59ddd41edb148f14a29a3b24450a1de4c20a4dfef4b,copied,,VISUAL_MASTER_REFERENCE_ONLY
A00674,references/previews/69_preview.webp,references,previews,PREVIEW,merchant,,,,BRAMBLE_ANIMATION_KITS_64_73.zip,BRAMBLE_64_73/69_merchant_idle_talk/preview.webp,008d8329e5ff0441365859afc8f3737da952a44729da97ba8b7306b6566e744c,copied,,VISUAL_MASTER_REFERENCE_ONLY
A00675,references/previews/70_preview.webp,references,previews,PREVIEW,moorling,,,,BRAMBLE_ANIMATION_KITS_64_73.zip,BRAMBLE_64_73/70_moorling_idle_attack/preview.webp,a180a4ca9ea920ec56c141da9c68a97556d0d13c827b169f8ed270fdd4ad9e80,copied,,VISUAL_MASTER_REFERENCE_ONLY
A00676,references/previews/71_preview.webp,references,previews,PREVIEW,moorling,,,,BRAMBLE_ANIMATION_KITS_64_73.zip,BRAMBLE_64_73/71_moorling_hit_defeated/preview.webp,74064d02160aa29e0cdad890cb1a9676c1c790d815fad9b489b5581d6f904284,copied,,VISUAL_MASTER_REFERENCE_ONLY
A00677,references/previews/72_preview.webp,references,previews,PREVIEW,copper_mole,,,,BRAMBLE_ANIMATION_KITS_64_73.zip,BRAMBLE_64_73/72_copper_mole_idle_attack/preview.webp,98a678f7f42e56681d2df096b0862f1b9c2a5f1a4ca660d5ae59a5cc1325574c,copied,,VISUAL_MASTER_REFERENCE_ONLY
A00678,references/previews/73_preview.webp,references,previews,PREVIEW,copper_mole,,,,BRAMBLE_ANIMATION_KITS_64_73.zip,BRAMBLE_64_73/73_copper_mole_hit_defeated/preview.webp,99de0b466bc69428266f8c2b9c26189b8df6a386fe28d3a4b3a9ad7ca87117cb,copied,,VISUAL_MASTER_REFERENCE_ONLY
A00679,references/previews/bush_berry_01.png,references,previews,PREVIEW,,,,,BRAMBLE_KITS_11_20.zip,BRAMBLE_KITS_11_20/preview/reused/bush_berry_01.png,5ee148eb23370cf3ca917a31dbb18a48d944f8e05a85532fa46b347070b54a0d,copied,,VISUAL_MASTER_REFERENCE_ONLY
A00680,references/previews/crate_small_01.png,references,previews,PREVIEW,,,,,BRAMBLE_KITS_11_20.zip,BRAMBLE_KITS_11_20/preview/reused/crate_small_01.png,2cae807b122c3e326ed93293fb7afb11c787d34377cf957ff0d6e77ab1f20edd,copied,,VISUAL_MASTER_REFERENCE_ONLY
A00681,references/previews/fence_wood_01.png,references,previews,PREVIEW,,,,,BRAMBLE_KITS_11_20.zip,BRAMBLE_KITS_11_20/preview/reused/fence_wood_01.png,fbe032c146dcf682cdf3efbc5812166046edcaac8a0289534cfeaedb4c688198,copied,,VISUAL_MASTER_REFERENCE_ONLY
A00682,references/previews/fern_01.png,references,previews,PREVIEW,,,,,BRAMBLE_KITS_11_20.zip,BRAMBLE_KITS_11_20/preview/reused/fern_01.png,e139f08d73c85a83a2016198141195eb319252ada891bc6e1932b60574959bcb,copied,,VISUAL_MASTER_REFERENCE_ONLY
A00683,references/previews/flower_orange_01.png,references,previews,PREVIEW,,,,,BRAMBLE_KITS_11_20.zip,BRAMBLE_KITS_11_20/preview/reused/flower_orange_01.png,5cb95e2704b1270bbbad62a96451eb31881b2898034ead41a5ca90588dfcbce1,copied,,VISUAL_MASTER_REFERENCE_ONLY
A00684,references/previews/grass_gold_01.png,references,previews,PREVIEW,,,,,BRAMBLE_KITS_11_20.zip,BRAMBLE_KITS_11_20/preview/reused/grass_gold_01.png,beadb8e0b42ad27a568546f40708c12e3280d61549950d835fae3bbb156f276d,copied,,VISUAL_MASTER_REFERENCE_ONLY
A00685,references/previews/hay_bales_01.png,references,previews,PREVIEW,,,,,BRAMBLE_KITS_11_20.zip,BRAMBLE_KITS_11_20/preview/reused/hay_bales_01.png,2b461dd9c46f3898e002f84ebf91e5d54ab05978de83608c336d01da0ac044ca,copied,,VISUAL_MASTER_REFERENCE_ONLY
A00686,references/previews/loading_raid.png,references,previews,PREVIEW,,,,,BRAMBLE_KITS_11_20.zip,BRAMBLE_KITS_11_20/preview/loading_raid.png,343a7a55ce0c3560dfe0e712106ddb484507c3f3238f62dd03411904499d20fb,copied,,VISUAL_MASTER_REFERENCE_ONLY
A00687,references/previews/loading_world.png,references,previews,PREVIEW,,,,,BRAMBLE_KITS_11_20.zip,BRAMBLE_KITS_11_20/preview/loading_world.png,ba0409b5b9c4d333006686a3ec73cc9a4d586f6a670a0fee0a5d26a7bb1d4d47,copied,,VISUAL_MASTER_REFERENCE_ONLY
A00688,references/source_sheets/kit_16_world_transitions.png,references,source_sheets,SOURCE_SHEET,world_transitions,,,,BRAMBLE_21_29.zip,BRAMBLE_21_29/mooring_action_poses_master.png,a5ede24acd8de85fb70154edd2a2ec5652d29a1c973c930a28dec45552bf5338,duplicate_of_primary,CONFIRMED exact alias of kit 16 world-transition sheet; source label is false,VISUAL_MASTER_REFERENCE_ONLY
A00689,references/previews/mushrooms_red_01.png,references,previews,PREVIEW,,,,,BRAMBLE_KITS_11_20.zip,BRAMBLE_KITS_11_20/preview/reused/mushrooms_red_01.png,ac4316d7b88cc18ae6bd323ada910a5f5c9e87587b9653cba24d53f03f0c621b,copied,,VISUAL_MASTER_REFERENCE_ONLY
A00690,references/previews/pond_small_01.png,references,previews,PREVIEW,,,,,BRAMBLE_KITS_11_20.zip,BRAMBLE_KITS_11_20/preview/reused/pond_small_01.png,14d3d14bab839a10b06c1e54e431e2c0369f70c071dfa56979eb298e6c891bfc,copied,,VISUAL_MASTER_REFERENCE_ONLY
A00691,references/previews/terrain_cobble_grass_01.png,references,previews,PREVIEW,,,,,BRAMBLE_KITS_11_20.zip,BRAMBLE_KITS_11_20/preview/reused/terrain_cobble_grass_01.png,946a76a278b048d2ffd0810789a36cd646a9bb6ead953ca80d65550633507480,copied,,VISUAL_MASTER_REFERENCE_ONLY
A00692,references/previews/terrain_dirt_autumn_01.png,references,previews,PREVIEW,,,,,BRAMBLE_KITS_11_20.zip,BRAMBLE_KITS_11_20/preview/reused/terrain_dirt_autumn_01.png,b3709347ae58d4c66529d71fc052d403022aa86fccc1a66add0f15c4346fc6b2,copied,,VISUAL_MASTER_REFERENCE_ONLY
A00693,references/previews/terrain_grass_flowers_01.png,references,previews,PREVIEW,,,,,BRAMBLE_KITS_11_20.zip,BRAMBLE_KITS_11_20/preview/reused/terrain_grass_flowers_01.png,4ba1cb75520c2e61c995547e13af11c2ae47b9a5868a1807a5de33a3d2b89533,copied,,VISUAL_MASTER_REFERENCE_ONLY
A00694,references/previews/tree_conifer_red_01.png,references,previews,PREVIEW,,,,,BRAMBLE_KITS_11_20.zip,BRAMBLE_KITS_11_20/preview/reused/tree_conifer_red_01.png,780ed886335e0f81ce0ac82eedfd955c83238c4a693fca7b9cc7d7830c61c8b2,copied,,VISUAL_MASTER_REFERENCE_ONLY
A00695,references/previews/tree_oak_gold_01.png,references,previews,PREVIEW,,,,,BRAMBLE_KITS_11_20.zip,BRAMBLE_KITS_11_20/preview/reused/tree_oak_gold_01.png,726b7f70f3fbf18e6827e6a1728bb3e7d79386eacf75ff68806f78e2a31a97de,copied,,VISUAL_MASTER_REFERENCE_ONLY
A00696,references/previews/tree_oak_orange_01.png,references,previews,PREVIEW,,,,,BRAMBLE_KITS_11_20.zip,BRAMBLE_KITS_11_20/preview/reused/tree_oak_orange_01.png,6cb7fcad0133742f68f67b936dec624f8bde800e98fda80909138e9b2bdf3289,copied,,VISUAL_MASTER_REFERENCE_ONLY
A00697,references/previews/tree_small_orange_01.png,references,previews,PREVIEW,,,,,BRAMBLE_KITS_11_20.zip,BRAMBLE_KITS_11_20/preview/reused/tree_small_orange_01.png,37dc79a1cd53b0b9390015deeef3518e52fe0d51d33077f5ff678263d74db2fa,copied,,VISUAL_MASTER_REFERENCE_ONLY
A00698,references/previews/village_cottage_01.png,references,previews,PREVIEW,,,,,BRAMBLE_KITS_11_20.zip,BRAMBLE_KITS_11_20/preview/reused/village_cottage_01.png,9e0fbf9884c3f95695e0cbe55a211a148ea04440dde1a78883db5bfe8b2f89f6,copied,,VISUAL_MASTER_REFERENCE_ONLY
A00699,references/previews/well_halloween_01.png,references,previews,PREVIEW,,,,,BRAMBLE_KITS_11_20.zip,BRAMBLE_KITS_11_20/preview/reused/well_halloween_01.png,5e20e8be84766cb4dca2f67134fe9e86f6f88f5cac313f74b47a2906cff7e8d8,copied,,VISUAL_MASTER_REFERENCE_ONLY
A00700,references/previews/world_regions_east.png,references,previews,PREVIEW,,,,,BRAMBLE_KITS_11_20.zip,BRAMBLE_KITS_11_20/preview/world_regions_east.png,6c42e4a230629b62c3b9be2470d69f0803c616bddca6b658cb4944be457b7852,copied,,VISUAL_MASTER_REFERENCE_ONLY
A00701,references/previews/world_regions_west.png,references,previews,PREVIEW,,,,,BRAMBLE_KITS_11_20.zip,BRAMBLE_KITS_11_20/preview/world_regions_west.png,7c04cdb41856394549771c7be53d0fca734f6c2cb3354bbb182bd622ea442b1a,copied,,VISUAL_MASTER_REFERENCE_ONLY
A00702,references/source_sheets/base_female_unarmed_8f.png,references,source_sheets,SOURCE_SHEET,kit_07_bundle,,,,BRAMBLE_10_Asset_Kits.zip,BRAMBLE_10_Asset_Kits/characters/base_female_unarmed_8f.png,d4009d1a037700a4539fe8256b709731754d05aa1905827374cfb4c138b313b9,copied,,VISUAL_MASTER_INCOMPLETE
A00703,references/source_sheets/base_male_unarmed_8f.png,references,source_sheets,SOURCE_SHEET,kit_07_bundle,,,,BRAMBLE_10_Asset_Kits.zip,BRAMBLE_10_Asset_Kits/characters/base_male_unarmed_8f.png,56dd28ba0b3140878be5b515093cbefc9b50505852dcad75634947205a914cdc,copied,,VISUAL_MASTER_INCOMPLETE
A00704,references/source_sheets/kit_01_animation/npc_blacksmith.png,references,source_sheets,SOURCE_SHEET,kit_08_bundle,,,,BRAMBLE_10_Asset_Kits.zip,BRAMBLE_10_Asset_Kits/animation/npc_blacksmith.png,e8a0319bf476b9593a6d1f2d231f424f6e50837084ae0fee487640df858a71f7,copied,,VISUAL_MASTER_INCOMPLETE
A00705,references/source_sheets/kit_01_animation/npc_guard.png,references,source_sheets,SOURCE_SHEET,kit_08_bundle,,,,BRAMBLE_10_Asset_Kits.zip,BRAMBLE_10_Asset_Kits/animation/npc_guard.png,7f6f4e9ec6ed07b4fbfa87eb90e87539267844e01f4a6e623525b7906778df22,copied,,VISUAL_MASTER_INCOMPLETE
A00706,references/source_sheets/kit_01_animation/npc_herbalist.png,references,source_sheets,SOURCE_SHEET,kit_08_bundle,,,,BRAMBLE_10_Asset_Kits.zip,BRAMBLE_10_Asset_Kits/animation/npc_herbalist.png,0ddf2946de823b9e5ddd5a31a32ccaf4102f2cabe516013eeefbe09839dec763,copied,,VISUAL_MASTER_INCOMPLETE
A00707,references/source_sheets/kit_01_animation/npc_merchant.png,references,source_sheets,SOURCE_SHEET,kit_08_bundle,,,,BRAMBLE_10_Asset_Kits.zip,BRAMBLE_10_Asset_Kits/animation/npc_merchant.png,e2949385f6a631466c6329ff0256f153193aa294b2bfc82f7c8f402035650741,copied,,VISUAL_MASTER_INCOMPLETE
A00708,references/source_sheets/kit_01_animation/npc_musician.png,references,source_sheets,SOURCE_SHEET,kit_08_bundle,,,,BRAMBLE_10_Asset_Kits.zip,BRAMBLE_10_Asset_Kits/animation/npc_musician.png,1bc99bf9d9a0b171bc74a3948e202363cc9b08a6c890a3115d912d763b23cf07,copied,,VISUAL_MASTER_INCOMPLETE
A00709,references/source_sheets/kit_01_animation/npc_quest_giver.png,references,source_sheets,SOURCE_SHEET,kit_08_bundle,,,,BRAMBLE_10_Asset_Kits.zip,BRAMBLE_10_Asset_Kits/animation/npc_quest_giver.png,1ce704dd80aa52faa0c8e1fc14f11660a639637ce554266aaf4ede2fc7b75f65,copied,,VISUAL_MASTER_INCOMPLETE
A00710,references/source_sheets/kit_01_animation/specialist_ember_knight.png,references,source_sheets,SOURCE_SHEET,,,,,BRAMBLE_10_Asset_Kits.zip,BRAMBLE_10_Asset_Kits/animation/specialist_ember_knight.png,4570c70f1ad96d2a11834483252dd88f5f644cb05a65706ca703117f265fae39,copied,,VISUAL_MASTER_INCOMPLETE
A00711,references/source_sheets/kit_01_animation/specialist_pumpkin_reaper.png,references,source_sheets,SOURCE_SHEET,,,,,BRAMBLE_10_Asset_Kits.zip,BRAMBLE_10_Asset_Kits/animation/specialist_pumpkin_reaper.png,dcbbdc4f9d943141175f1af9b415aeb45b20d3e9b0f59ad1ddfbadc6380d65db,copied,,VISUAL_MASTER_INCOMPLETE
A00712,references/source_sheets/kit_01_animation/specialist_starter_bow.png,references,source_sheets,SOURCE_SHEET,,,,,BRAMBLE_10_Asset_Kits.zip,BRAMBLE_10_Asset_Kits/animation/specialist_starter_bow.png,b58e369fe170f624cbed07893a69bc8fc61fb00eacd9686914ff739a546ff314,copied,,VISUAL_MASTER_INCOMPLETE
A00713,references/source_sheets/kit_01_animation/specialist_starter_mage.png,references,source_sheets,SOURCE_SHEET,,,,,BRAMBLE_10_Asset_Kits.zip,BRAMBLE_10_Asset_Kits/animation/specialist_starter_mage.png,32812db22f2cf9c23d20bcb1d32c75fb1a76e5181dde0cecb485d58046232504,copied,,VISUAL_MASTER_INCOMPLETE
A00714,references/source_sheets/kit_01_animation/specialist_starter_sword.png,references,source_sheets,SOURCE_SHEET,,,,,BRAMBLE_10_Asset_Kits.zip,BRAMBLE_10_Asset_Kits/animation/specialist_starter_sword.png,e26fea37c5287d03a03c1d9ce80bf24e035798236960efad783de2b6b48a595d,copied,,VISUAL_MASTER_INCOMPLETE
A00715,references/source_sheets/kit_01_terrain_meadow_earth.png,references,source_sheets,SOURCE_SHEET,kit_01_terrain_meadow_earth,,,,BRAMBLE_10_Asset_Kits.zip,BRAMBLE_10_Asset_Kits/01_terrain_meadow_earth.png,30bac50083bcecb12f7cd6e08a57ae2ba16e8d754010f3f66c74680d746d7c55,copied,,VISUAL_MASTER_INCOMPLETE
A00716,references/source_sheets/kit_02_terrain_paths_transitions.png,references,source_sheets,SOURCE_SHEET,kit_02_terrain_paths_transitions,,,,BRAMBLE_10_Asset_Kits.zip,BRAMBLE_10_Asset_Kits/02_terrain_paths_transitions.png,ef212933b3304b95a192c244ecd6f4daf45090a745cad64a3bb42832fd2682cf,copied,,VISUAL_MASTER_INCOMPLETE
A00717,references/source_sheets/kit_03_trees_woodland.png,references,source_sheets,SOURCE_SHEET,kit_03_trees_woodland,,,,BRAMBLE_10_Asset_Kits.zip,BRAMBLE_10_Asset_Kits/03_trees_woodland.png,7a7e4a82029891d4c85b7283e8b0e340a3ad83d57f71e3535e2d7f9d8f79d058,copied,,VISUAL_MASTER_INCOMPLETE
A00718,references/source_sheets/kit_04_plants_harvestables.png,references,source_sheets,SOURCE_SHEET,kit_04_plants_harvestables,,,,BRAMBLE_10_Asset_Kits.zip,BRAMBLE_10_Asset_Kits/04_plants_harvestables.png,2ed835f518f3c4ba80ca047b3e62981e8a6b3c7b643139ef022e0d7e1fa4890d,copied,,VISUAL_MASTER_INCOMPLETE
A00719,references/source_sheets/kit_05_buildings_village.png,references,source_sheets,SOURCE_SHEET,kit_05_buildings_village,,,,BRAMBLE_10_Asset_Kits.zip,BRAMBLE_10_Asset_Kits/05_buildings_village.png,03a31b3778c29ded72cf6031de073ed6c72ee30a876e773ca6aca15e05fcfbae,copied,,VISUAL_MASTER_INCOMPLETE
A00720,references/source_sheets/kit_06_world_props.png,references,source_sheets,SOURCE_SHEET,kit_06_world_props,,,,BRAMBLE_10_Asset_Kits.zip,BRAMBLE_10_Asset_Kits/06_world_props.png,7fdbaa5b55b262a8916d59b8cf39d3b3bcf556b7da7ed17aa48d2e1d7c1ff549,copied,,VISUAL_MASTER_INCOMPLETE
A00721,references/source_sheets/kit_07_playable_heroes.png,references,source_sheets,SOURCE_SHEET,kit_07_playable_heroes,,,,BRAMBLE_10_Asset_Kits.zip,BRAMBLE_10_Asset_Kits/07_playable_heroes.png,806eb6c6bcd2ea3b08249159cca881adc824da618ed60d04dd5c7706542fa16e,copied,,VISUAL_MASTER_INCOMPLETE
A00722,references/source_sheets/kit_08_village_npcs.png,references,source_sheets,SOURCE_SHEET,kit_08_village_npcs,,,,BRAMBLE_10_Asset_Kits.zip,BRAMBLE_10_Asset_Kits/08_village_npcs.png,ffec9c7b46a89f607b5628bc6c5f6d6d5d06c86573c996b73c78d8a311c0fdb4,copied,,VISUAL_MASTER_INCOMPLETE
A00723,references/source_sheets/kit_09_field_monsters.png,references,source_sheets,SOURCE_SHEET,kit_09_field_monsters,,,,BRAMBLE_10_Asset_Kits.zip,BRAMBLE_10_Asset_Kits/09_field_monsters.png,832253da966742fcbe1600074a88ce360e99ce7a41e1f5d252f300e140b3ab58,copied,,VISUAL_MASTER_INCOMPLETE
A00724,references/source_sheets/kit_10_specialist_cards.png,references,source_sheets,SOURCE_SHEET,kit_10_specialist_cards,,,,BRAMBLE_10_Asset_Kits.zip,BRAMBLE_10_Asset_Kits/10_specialist_cards.png,1a07a6a1e8f9b6d3454fa747c7cf3bb6b4e4371108c778fbbee52416bf08ae33,copied,,VISUAL_MASTER_INCOMPLETE
A00725,references/source_sheets/kit_11_nebelbruch_vegetation.png,references,source_sheets,SOURCE_SHEET,nebelbruch_vegetation,,,,BRAMBLE_KITS_11_20.zip,BRAMBLE_KITS_11_20/11_nebelbruch_vegetation/sheet.png,ba9b32728ec526a0637b32134a01e25b6909f2b90c0e304396f29ede619495c1,copied,,VISUAL_MASTER_INCOMPLETE
A00726,references/source_sheets/kit_12_nebelbruch_landmarks.png,references,source_sheets,SOURCE_SHEET,nebelbruch_landmarks,,,,BRAMBLE_KITS_11_20.zip,BRAMBLE_KITS_11_20/12_nebelbruch_landmarks/sheet.png,81807e150439210b3f7704871ed471f110fe1bb27bd0b0f9c79c6487eac30013,copied,,VISUAL_MASTER_INCOMPLETE
A00727,references/source_sheets/kit_13_alte_ruinen.png,references,source_sheets,SOURCE_SHEET,alte_ruinen,,,,BRAMBLE_KITS_11_20.zip,BRAMBLE_KITS_11_20/13_alte_ruinen/sheet.png,453a1ca0c23fddf53cbf9695f6ca4957d57ce58ba3915c65b164c74feef1fbf1,copied,,VISUAL_MASTER_INCOMPLETE
A00728,references/source_sheets/kit_14_kupfermine.png,references,source_sheets,SOURCE_SHEET,kupfermine,,,,BRAMBLE_KITS_11_20.zip,BRAMBLE_KITS_11_20/14_kupfermine/sheet.png,c4dc7bb1dbf33d06b189d027cfa5f839b40863a8d5a4a65da456ab65811f9d0a,copied,,VISUAL_MASTER_INCOMPLETE
A00729,references/source_sheets/kit_15_kristallhoehle.png,references,source_sheets,SOURCE_SHEET,kristallhoehle,,,,BRAMBLE_KITS_11_20.zip,BRAMBLE_KITS_11_20/15_kristallhoehle/sheet.png,6cc3c2f07a265a627cc42b1b9b943c86ff5af280ad7cd065133978c2c1cb39bd,copied,,VISUAL_MASTER_INCOMPLETE
A00730,references/source_sheets/kit_16_world_transitions.png,references,source_sheets,SOURCE_SHEET,world_transitions,,,,BRAMBLE_KITS_11_20.zip,BRAMBLE_KITS_11_20/16_world_transitions/sheet.png,a5ede24acd8de85fb70154edd2a2ec5652d29a1c973c930a28dec45552bf5338,copied,,VISUAL_MASTER_INCOMPLETE
A00731,references/source_sheets/kit_17_loot_chests.png,references,source_sheets,SOURCE_SHEET,loot_chests,,,,BRAMBLE_KITS_11_20.zip,BRAMBLE_KITS_11_20/17_loot_chests/sheet.png,27f06f62b346bd6d1bf864ffb266ed18f66a5f8970f9d36a22df575a7fcf294d,copied,,VISUAL_MASTER_INCOMPLETE
A00732,references/source_sheets/kit_18_region_monsters.png,references,source_sheets,SOURCE_SHEET,region_monsters,,,,BRAMBLE_KITS_11_20.zip,BRAMBLE_KITS_11_20/18_region_monsters/sheet.png,99b28a3c5b3f3e14da571d9b5906e06429b37f30ad9993578fe0ab88e05b2534,copied,,VISUAL_MASTER_INCOMPLETE
A00733,references/source_sheets/kit_19_resources_quests.png,references,source_sheets,SOURCE_SHEET,resources_quests,,,,BRAMBLE_KITS_11_20.zip,BRAMBLE_KITS_11_20/19_resources_quests/sheet.png,e3448f07faea9f912540bef9c5fc42c56639ccb6e1179ee5110a7c5a3973d519,copied,,VISUAL_MASTER_INCOMPLETE
A00734,references/source_sheets/kit_64_atlas_4x2_512.png,references,source_sheets,SOURCE_SHEET,male,,,,BRAMBLE_ANIMATION_KITS_64_73.zip,BRAMBLE_64_73/64_male_idle_walk/atlas_4x2_512.png,039f97f5ddc357dcf6179563516825f4b4741dc413f2910bbb3d30be95c0e14e,copied,,VISUAL_MASTER_INCOMPLETE
A00735,references/source_sheets/kit_65_atlas_4x2_512.png,references,source_sheets,SOURCE_SHEET,male,,,,BRAMBLE_ANIMATION_KITS_64_73.zip,BRAMBLE_64_73/65_male_run_damage/atlas_4x2_512.png,71fb46e383f6797a9dd58eb73ca09b1d4ce6eabac5810846c944210e66876218,copied,,VISUAL_MASTER_INCOMPLETE
A00736,references/source_sheets/kit_66_atlas_4x2_512.png,references,source_sheets,SOURCE_SHEET,female,,,,BRAMBLE_ANIMATION_KITS_64_73.zip,BRAMBLE_64_73/66_female_idle_walk/atlas_4x2_512.png,df20a579cec93d730d8306677e75032b7e3d24cb73919058a9a7b3e90f1c5a0f,copied,,VISUAL_MASTER_INCOMPLETE
A00737,references/source_sheets/kit_67_atlas_4x2_512.png,references,source_sheets,SOURCE_SHEET,female,,,,BRAMBLE_ANIMATION_KITS_64_73.zip,BRAMBLE_64_73/67_female_run_damage/atlas_4x2_512.png,653e7bd1601a93abe8101e0cdb38527e2a47972004eb7444c0ccecf9da97aa5f,copied,,VISUAL_MASTER_INCOMPLETE
A00738,references/source_sheets/kit_68_atlas_4x2_512.png,references,source_sheets,SOURCE_SHEET,blacksmith,,,,BRAMBLE_ANIMATION_KITS_64_73.zip,BRAMBLE_64_73/68_blacksmith_idle_greet/atlas_4x2_512.png,2739942090d71719d0c8444a588a9bf796d2fa47d98f78a8eab3bf1904fdf75d,copied,,VISUAL_MASTER_INCOMPLETE
A00739,references/source_sheets/kit_69_atlas_4x2_512.png,references,source_sheets,SOURCE_SHEET,merchant,,,,BRAMBLE_ANIMATION_KITS_64_73.zip,BRAMBLE_64_73/69_merchant_idle_talk/atlas_4x2_512.png,ffe1220d4f020dab01a41b55477dfd6c93bd4e6a9ed2bcdbfd71bbe1f6c22fad,copied,,VISUAL_MASTER_INCOMPLETE
A00740,references/source_sheets/kit_70_atlas_4x2_512.png,references,source_sheets,SOURCE_SHEET,moorling,,,,BRAMBLE_ANIMATION_KITS_64_73.zip,BRAMBLE_64_73/70_moorling_idle_attack/atlas_4x2_512.png,6bc17cfd0034051ef17950595df3651b732a842d8e7eeb858d6d524a3ca314c5,copied,,VISUAL_MASTER_INCOMPLETE
A00741,references/source_sheets/kit_71_atlas_4x2_512.png,references,source_sheets,SOURCE_SHEET,moorling,,,,BRAMBLE_ANIMATION_KITS_64_73.zip,BRAMBLE_64_73/71_moorling_hit_defeated/atlas_4x2_512.png,a423b709899edf36eb7aed6a75500351e9c395a6e7a3a135cd8a6a1c83c8714b,copied,,VISUAL_MASTER_INCOMPLETE
A00742,references/source_sheets/kit_72_atlas_4x2_512.png,references,source_sheets,SOURCE_SHEET,copper_mole,,,,BRAMBLE_ANIMATION_KITS_64_73.zip,BRAMBLE_64_73/72_copper_mole_idle_attack/atlas_4x2_512.png,6d8033f422af53f01cb5e05ed9d2db95dac064beb9e8f2522146a543460d5beb,copied,,VISUAL_MASTER_INCOMPLETE
A00743,references/source_sheets/kit_73_atlas_4x2_512.png,references,source_sheets,SOURCE_SHEET,copper_mole,,,,BRAMBLE_ANIMATION_KITS_64_73.zip,BRAMBLE_64_73/73_copper_mole_hit_defeated/atlas_4x2_512.png,0df69d8863b22bd252e48ed30489d7e62ab8f711626e7f8f966d4b16a0a8a8ae,copied,,VISUAL_MASTER_INCOMPLETE
A00744,references/source_sheets/kit_84_atlas_4x2_512.png,references,source_sheets,SOURCE_SHEET,forest_armor,,,,BRAMBLE_KITS_84_93.zip,BRAMBLE_84_93/84_forest_armor_pose_layers/atlas_4x2_512.png,a6d2f60d99920b27f208585e9787df6cafc6519a0175fa31c1fcfe6f587295f2,copied,,VISUAL_MASTER_INCOMPLETE
A00745,references/source_sheets/kit_85_atlas_4x2_512.png,references,source_sheets,SOURCE_SHEET,leather_armor,,,,BRAMBLE_KITS_84_93.zip,BRAMBLE_84_93/85_leather_armor_pose_layers/atlas_4x2_512.png,7fc83de6f7ede53776e1f486e781ff323418ec168bf4fecb33be4377b70c5182,copied,,VISUAL_MASTER_INCOMPLETE
A00746,references/source_sheets/kit_86_atlas_4x2_512.png,references,source_sheets,SOURCE_SHEET,knight_armor,,,,BRAMBLE_KITS_84_93.zip,BRAMBLE_84_93/86_knight_armor_pose_layers/atlas_4x2_512.png,cd1a2ac7e71f3becff6cdc899247cf045d9a5fe350e242e63657c136cfe401c6,copied,,VISUAL_MASTER_INCOMPLETE
A00747,references/source_sheets/kit_87_atlas_4x2_512.png,references,source_sheets,SOURCE_SHEET,arcane_armor,,,,BRAMBLE_KITS_84_93.zip,BRAMBLE_84_93/87_arcane_armor_pose_layers/atlas_4x2_512.png,83836286cf48320e126604ad2232c31655e61d8aed4d7e6438aac23dd1b75093,copied,,VISUAL_MASTER_INCOMPLETE
A00748,references/source_sheets/kit_88_atlas_4x2_512.png,references,source_sheets,SOURCE_SHEET,unarmed_melee_attack_poses,,,,BRAMBLE_KITS_84_93.zip,BRAMBLE_84_93/88_unarmed_melee_attack_poses/atlas_4x2_512.png,ef3ac9fd2e3d6f91795958c2834473072d189100bbded5803998b826dd21d0f8,copied,,VISUAL_MASTER_INCOMPLETE
A00749,references/source_sheets/kit_89_atlas_4x2_512.png,references,source_sheets,SOURCE_SHEET,unarmed_ranged_attack_poses,,,,BRAMBLE_KITS_84_93.zip,BRAMBLE_84_93/89_unarmed_ranged_attack_poses/atlas_4x2_512.png,38449aade86734afe6dc4de8f8e6ea84b74ff6b8f1ee49ea02e007399b35c5b5,copied,,VISUAL_MASTER_INCOMPLETE
A00750,references/source_sheets/kit_90_atlas_4x2_512.png,references,source_sheets,SOURCE_SHEET,unarmed_magic_cast_poses,,,,BRAMBLE_KITS_84_93.zip,BRAMBLE_84_93/90_unarmed_magic_cast_poses/atlas_4x2_512.png,3781cf26f5abaeead7c9eb5f865b977eeac2d143ef56680f4ed6deaa0987a681,copied,,VISUAL_MASTER_INCOMPLETE
A00751,references/source_sheets/kit_91_atlas_4x2_512.png,references,source_sheets,SOURCE_SHEET,melee_slash_vfx_sequence,,,,BRAMBLE_KITS_84_93.zip,BRAMBLE_84_93/91_melee_slash_vfx_sequence/atlas_4x2_512.png,cadd49e8d1427630494ab5f89d1a7df8367e6a060e3a388ee1b0fc2b5f9351ee,copied,,VISUAL_MASTER_INCOMPLETE
A00752,references/source_sheets/kit_unknown_consumable_potion_source_sheet.png,references,source_sheets,SOURCE_SHEET,,,,,GAME_ASSET_CATALOG_V2.zip,GAME_ASSET_CATALOG_V2/references/source_sheets/consumable_potion_source_sheet.png,14ca315203c9fc6017d87aae43081685e30c09b9323395cd1997e55a3089ee8f,copied,,VISUAL_MASTER_INCOMPLETE
A00753,references/source_sheets/kit_unknown_nature_combat_vfx_source_sheet.png,references,source_sheets,SOURCE_SHEET,,,,,GAME_ASSET_CATALOG_V2.zip,GAME_ASSET_CATALOG_V2/references/source_sheets/nature_combat_vfx_source_sheet.png,2792fc686a77659532f9f077ed40e67a46d40d7c4c2a9c9e501b42e5961260b2,copied,,VISUAL_MASTER_INCOMPLETE
A00754,references/source_sheets/kit_unknown_quest_event_key_item_source_sheet.png,references,source_sheets,SOURCE_SHEET,,,,,GAME_ASSET_CATALOG_V2.zip,GAME_ASSET_CATALOG_V2/references/source_sheets/quest_event_key_item_source_sheet.png,993acaa524ffbe074d2a50fc248945921d4fa9dc4540154b7d70070d481e4cbe,copied,,VISUAL_MASTER_INCOMPLETE
A00755,references/source_sheets/kit_unknown_ranged_arrow_skill_source_sheet.png,references,source_sheets,SOURCE_SHEET,,,,,GAME_ASSET_CATALOG_V2.zip,GAME_ASSET_CATALOG_V2/references/source_sheets/ranged_arrow_skill_source_sheet.png,d3aa137f2abbd3494281144749be47de350439deebd9d24e1f40e87a240cfa75,copied,,VISUAL_MASTER_INCOMPLETE
A00756,references\kit_metadata\misc/kit00_alpha_test_report.json,references,kit_metadata,DOCUMENTATION,,,,,BRAMBLE_44_48.zip,BRAMBLE_44_48/alpha_test_report.json,99618bb40e5efbbfa8cbc3a14a86fd2d77cbf6f99278d8a06b06c0af0d0c14c1,copied,path collision resolved with kit prefix,VISUAL_MASTER_ADJUST
A00757,references\kit_metadata\misc/kit00_alpha_test_report.json,references,kit_metadata,DOCUMENTATION,,,,,BRAMBLE_49_53.zip,BRAMBLE_49_53/alpha_test_report.json,95c89d379b1a5724ea63b4365ee85f9d0c943c4560eb98b4a42f20f5c52137df,cataloged,path collision resolved with kit prefix,VISUAL_MASTER_ADJUST
A00758,references\kit_metadata\misc/kit00_alpha_test_report.json,references,kit_metadata,DOCUMENTATION,,,,,BRAMBLE_54_63.zip,BRAMBLE_54_63/alpha_test_report.json,c9966495360506ba178883203bba5d3ebb70cef2f234540b2e09bb107455dce4,cataloged,path collision resolved with kit prefix,VISUAL_MASTER_ADJUST
A00759,references\kit_metadata\misc/kit00_alpha_test_report.json,references,kit_metadata,DOCUMENTATION,,,,,BRAMBLE_KITS_74_83.zip,BRAMBLE_74_83/alpha_test_report.json,3b90399ff8a8c260d72779cd161e397fe13d7c2ff89c6380a1d7ec9e82be8875,cataloged,path collision resolved with kit prefix,VISUAL_MASTER_ADJUST
A00760,references\kit_metadata\misc/kit00_manifest.json,references,kit_metadata,DOCUMENTATION,,,,,BRAMBLE_10_Asset_Kits.zip,BRAMBLE_10_Asset_Kits/manifest.json,e68a540246b1c5411c6fd0038426a7325c72eeb52f4d2327d15cc3bf1603a85f,copied,path collision resolved with kit prefix,VISUAL_MASTER_ADJUST
A00761,references\kit_metadata\misc/kit00_manifest.json,references,kit_metadata,DOCUMENTATION,,,,,BRAMBLE_21_29.zip,BRAMBLE_21_29/manifest.json,f4ac662882d13044fba9a37496564ecc22e9d03e8fd0e6b47b1b10e2fb20ad47,cataloged,path collision resolved with kit prefix,VISUAL_MASTER_ADJUST
A00762,references\kit_metadata\misc/kit00_manifest.json,references,kit_metadata,DOCUMENTATION,,,,,BRAMBLE_30_35.zip,BRAMBLE_30_35/manifest.json,c3ff51e9cbbf8d5cf68dbd608b5705557e6b567f3dec7cbf86eec1f8b8ebfafa,cataloged,path collision resolved with kit prefix,VISUAL_MASTER_ADJUST
A00763,references\kit_metadata\misc/kit00_manifest.json,references,kit_metadata,DOCUMENTATION,,,,,BRAMBLE_36_37.zip,BRAMBLE_36_37/manifest.json,952e59092cd513def2a6872af3377363f66da71e7780c31bc55065e00f940c84,cataloged,path collision resolved with kit prefix,VISUAL_MASTER_ADJUST
A00764,references\kit_metadata\misc/kit00_manifest.json,references,kit_metadata,DOCUMENTATION,,,,,BRAMBLE_38_43.zip,BRAMBLE_38_43/manifest.json,d085e1a8408cbfb33c6cf231fe7144ac603ca5877bc39e2e9c71c76522db632f,cataloged,path collision resolved with kit prefix,VISUAL_MASTER_ADJUST
A00765,references\kit_metadata\misc/kit00_manifest.json,references,kit_metadata,DOCUMENTATION,,,,,BRAMBLE_44_48.zip,BRAMBLE_44_48/manifest.json,6ec92b40ad905d0c6328ecd402e137ea8e451e9ff85281ff0481a9d9f56b616f,cataloged,path collision resolved with kit prefix,VISUAL_MASTER_ADJUST
A00766,references\kit_metadata\misc/kit00_manifest.json,references,kit_metadata,DOCUMENTATION,,,,,BRAMBLE_49_53.zip,BRAMBLE_49_53/manifest.json,479e9f15a4bb2eb4aadc18b7127ac5ff738189e83cd3968d74dc8acaa7c54d5e,cataloged,path collision resolved with kit prefix,VISUAL_MASTER_ADJUST
A00767,references\kit_metadata\misc/kit00_manifest.json,references,kit_metadata,DOCUMENTATION,,,,,BRAMBLE_54_63.zip,BRAMBLE_54_63/manifest.json,8dec2baaeca8cd23c64f0023a7cbddd8a7ac1cf5223cc8a3c100d06930d3681e,cataloged,path collision resolved with kit prefix,VISUAL_MASTER_ADJUST
A00768,references\kit_metadata\misc/kit00_manifest.json,references,kit_metadata,DOCUMENTATION,,,,,BRAMBLE_ANIMATION_KITS_64_73.zip,BRAMBLE_64_73/manifest.json,9ba7f1c34eec54ce803247b6d5249bf4c789f479495b89d4702a3624a343e8b6,cataloged,path collision resolved with kit prefix,VISUAL_MASTER_ADJUST
A00769,references\kit_metadata\misc/kit00_manifest.json,references,kit_metadata,DOCUMENTATION,,,,,BRAMBLE_KITS_74_83.zip,BRAMBLE_74_83/manifest.json,41a1046822d728b62b7049e18401b2c25778357c196d179212206996953aefca,cataloged,path collision resolved with kit prefix,VISUAL_MASTER_ADJUST
A00770,references\kit_metadata\misc/kit00_manifest.json,references,kit_metadata,DOCUMENTATION,,,,,BRAMBLE_KITS_84_93.zip,BRAMBLE_84_93/manifest.json,2baa24d4a21cb23da55348127fe71b68d27d64bc2bb57e3c69cdea195d89e582,cataloged,path collision resolved with kit prefix,VISUAL_MASTER_ADJUST
A00771,references\kit_metadata\misc/kit00_manifest.json,references,kit_metadata,DOCUMENTATION,,,,,BRAMBLE_KITS_11_20.zip,BRAMBLE_KITS_11_20/manifest.json,2a52af0387b6546a14145daee4494c040ba6a0d55ac8d68337b7e2cc613ecbb5,cataloged,path collision resolved with kit prefix,VISUAL_MASTER_ADJUST
A00772,references\kit_metadata\misc/kit00_qa_report.json,references,kit_metadata,DOCUMENTATION,,,,,BRAMBLE_ANIMATION_KITS_64_73.zip,BRAMBLE_64_73/qa_report.json,ee9b310b1d37e40f966510f7452001dbabd2c01d943472cb4fb3abf30b1fe640,copied,path collision resolved with kit prefix,VISUAL_MASTER_ADJUST
A00773,references\kit_metadata\misc/kit00_qa_report.json,references,kit_metadata,DOCUMENTATION,,,,,BRAMBLE_KITS_84_93.zip,BRAMBLE_84_93/qa_report.json,f1ae59c96dc3b256d56cb7d46945fea50e8d1f467ceaba7229010edc62dcb887,cataloged,path collision resolved with kit prefix,VISUAL_MASTER_ADJUST
A00774,references\kit_metadata\misc/kit00_style_lock.json,references,kit_metadata,DOCUMENTATION,,,,,BRAMBLE_49_53.zip,BRAMBLE_49_53/style_lock.json,12bdf32b0099286777b9901a65c9f4bee941503ece95aafdcaed97ce86069d7d,copied,path collision resolved with kit prefix,VISUAL_MASTER_ADJUST
A00775,references\kit_metadata\misc/kit00_style_lock.json,references,kit_metadata,DOCUMENTATION,,,,,BRAMBLE_54_63.zip,BRAMBLE_54_63/style_lock.json,535e027c6c069e7fa43b6a2c6e66e3a72c323a1578f42f3592e742706234a16f,cataloged,path collision resolved with kit prefix,VISUAL_MASTER_ADJUST
A00776,references\kit_metadata\misc/kit00_style_lock.json,references,kit_metadata,DOCUMENTATION,,,,,BRAMBLE_KITS_74_83.zip,BRAMBLE_74_83/style_lock.json,fea6fa1be2eb5bc9c045d6867f060b19ac97660b1fe279ef6464d15915811ff8,cataloged,path collision resolved with kit prefix,VISUAL_MASTER_ADJUST
A00777,references\previews/kit00_PREVIEW.jpg,references,previews,PREVIEW,,,,,BRAMBLE_KITS_74_83.zip,BRAMBLE_74_83/PREVIEW.jpg,8e66518a3076eea9d91cf22f99da84744596856d23b11ab11d99a11b1969c4de,copied,path collision resolved with kit prefix,VISUAL_MASTER_ADJUST
A00778,references\previews/kit00_PREVIEW.jpg,references,previews,PREVIEW,,,,,BRAMBLE_KITS_84_93.zip,BRAMBLE_84_93/PREVIEW.jpg,88e58a2c9b13f9383826635cd01fee3a857c8460a4beeea52a6b6b254ce87d88,cataloged,path collision resolved with kit prefix,VISUAL_MASTER_ADJUST
A00779,ui/character/character_panel.png,ui,character,PRODUCTION_SINGLE,menu_panel_shells,,,,BRAMBLE_54_63.zip,BRAMBLE_54_63/63_menu_panel_shells/character_panel.png,6d7a3673a8cd67576b60917525df01ea88696f6b44cfdc01bb6926498130e229,copied,,VISUAL_MASTER_ADJUST
A00780,ui/character/character_stats_panel.png,ui,character,PRODUCTION_SINGLE,inventory_equipment_character_ui,,,,BRAMBLE_KITS_74_83.zip,BRAMBLE_74_83/76_inventory_equipment_character_ui/character_stats_panel.png,64d04f4fac1cfdf75d693f059184631780e5c4d197a0bf8a0409b38e85067bab,copied,,VISUAL_MASTER_ADJUST
A00781,ui/common/checkbox_checked.png,ui,common,PRODUCTION_SINGLE,ui_core_controls,,,,BRAMBLE_KITS_74_83.zip,BRAMBLE_74_83/74_ui_core_controls/checkbox_checked.png,1052b1ba5e33ac2ae9cc2445f0f83ff1afe6953ffcd66de45d5d3449f8914178,copied,,VISUAL_MASTER_ADJUST
A00782,ui/common/checkbox_empty.png,ui,common,PRODUCTION_SINGLE,ui_core_controls,,,,BRAMBLE_KITS_74_83.zip,BRAMBLE_74_83/74_ui_core_controls/checkbox_empty.png,ae9606c6280bccc2010179db97681ea130efedfce2d61c6c64f21aa3f75295b2,copied,,VISUAL_MASTER_ADJUST
A00783,ui/common/destructive_button.png,ui,common,PRODUCTION_SINGLE,ui_core_controls,,,,BRAMBLE_KITS_74_83.zip,BRAMBLE_74_83/74_ui_core_controls/destructive_button.png,9ccdf6ae042e65a56fc0dccdb558cf5dde8d9461468affaa0b014dda6183d260,copied,,VISUAL_MASTER_ADJUST
A00784,ui/common/dropdown_shell.png,ui,common,PRODUCTION_SINGLE,ui_core_controls,,,,BRAMBLE_KITS_74_83.zip,BRAMBLE_74_83/74_ui_core_controls/dropdown_shell.png,a10a5ced48a65146e3aa6ca5c95e00d74eab4e98a57a33ed972b7ab1a4f5b871,copied,,VISUAL_MASTER_ADJUST
A00785,ui/common/icon_button.png,ui,common,PRODUCTION_SINGLE,ui_core_controls,,,,BRAMBLE_KITS_74_83.zip,BRAMBLE_74_83/74_ui_core_controls/icon_button.png,36bff8f1e2fe80bd130da1ef3057b11ab3dfecfb92923185601d86dfcbfd93e6,copied,,VISUAL_MASTER_ADJUST
A00786,ui/common/primary_button.png,ui,common,PRODUCTION_SINGLE,ui_core_controls,,,,BRAMBLE_KITS_74_83.zip,BRAMBLE_74_83/74_ui_core_controls/primary_button.png,c2a25ff4efb05bbfea834858603127666d9fe796441950a1944216a7db49f663,copied,,VISUAL_MASTER_ADJUST
A00787,ui/common/secondary_button.png,ui,common,PRODUCTION_SINGLE,ui_core_controls,,,,BRAMBLE_KITS_74_83.zip,BRAMBLE_74_83/74_ui_core_controls/secondary_button.png,39c94ab9763384c6cfec207ae0e9d9cdcf1f3c62925c0d429f616a8a1e164d6f,copied,,VISUAL_MASTER_ADJUST
A00788,ui/common/shop_panel.png,ui,common,PRODUCTION_SINGLE,menu_panel_shells,,,,BRAMBLE_54_63.zip,BRAMBLE_54_63/63_menu_panel_shells/shop_panel.png,e649997ece85531f5ebff3a0b5a530019d11ffdf39d88e571d803ce448aa4413,copied,,VISUAL_MASTER_ADJUST
A00789,ui/common/slider.png,ui,common,PRODUCTION_SINGLE,ui_core_controls,,,,BRAMBLE_KITS_74_83.zip,BRAMBLE_74_83/74_ui_core_controls/slider.png,d2b2a385bebd113a17a17d7d55b53878253da3a7b755cb0cc2a99bd5d31a86e8,copied,,VISUAL_MASTER_ADJUST
A00790,ui/common/tab_active.png,ui,common,PRODUCTION_SINGLE,ui_core_controls,,,,BRAMBLE_KITS_74_83.zip,BRAMBLE_74_83/74_ui_core_controls/tab_active.png,f1e40a990eb2b3388765b40a7ab73a8a427cfa74a6222d2d0b09289ce5bf4d9e,copied,,VISUAL_MASTER_ADJUST
A00791,ui/common/tab_inactive.png,ui,common,PRODUCTION_SINGLE,ui_core_controls,,,,BRAMBLE_KITS_74_83.zip,BRAMBLE_74_83/74_ui_core_controls/tab_inactive.png,2477679d19029c17c794c8ea5921d7b74b1533fc504c25cdc2c20197c3a13752,copied,,VISUAL_MASTER_ADJUST
A00792,ui/common/tabbed_panel.png,ui,common,PRODUCTION_SINGLE,menu_panel_shells,,,,BRAMBLE_54_63.zip,BRAMBLE_54_63/63_menu_panel_shells/tabbed_panel.png,9125117b58648271286ef01d112fd4938182986eeb0648f247cc809643333d88,copied,,VISUAL_MASTER_ADJUST
A00793,ui/common/toggle_off.png,ui,common,PRODUCTION_SINGLE,ui_core_controls,,,,BRAMBLE_KITS_74_83.zip,BRAMBLE_74_83/74_ui_core_controls/toggle_off.png,1745bdc8bd7815773037ebd0f129b2f1f0d365d423886274f612b1dd382f0e8c,copied,,VISUAL_MASTER_ADJUST
A00794,ui/common/toggle_on.png,ui,common,PRODUCTION_SINGLE,ui_core_controls,,,,BRAMBLE_KITS_74_83.zip,BRAMBLE_74_83/74_ui_core_controls/toggle_on.png,8f383aa78f84f52cf9c7a62beba6bcbcf445a8e181135ccb10c61ddf98ebb99e,copied,,VISUAL_MASTER_ADJUST
A00795,ui/equipment/equipment.png,ui,equipment,PRODUCTION_SINGLE,menu_frames,,,,BRAMBLE_21_29.zip,BRAMBLE_21_29/26_menu_frames/equipment.png,cbe6a0dab7b643104ed32f8cad003a514740826656fb60c928dd6bbf0fcc74c1,copied,,VISUAL_MASTER_ADJUST
A00796,ui/equipment/equipment_panel.png,ui,equipment,PRODUCTION_SINGLE,inventory_equipment_character_ui,,,,BRAMBLE_KITS_74_83.zip,BRAMBLE_74_83/76_inventory_equipment_character_ui/equipment_panel.png,0d19c9e272338556cf872586230ab695b15344f067dab7a037463085421f1a3d,copied,,VISUAL_MASTER_ADJUST
A00797,ui/hud/chat_bar.png,ui,hud,PRODUCTION_SINGLE,mobile_hud_components,,,,BRAMBLE_54_63.zip,BRAMBLE_54_63/62_mobile_hud_components/chat_bar.png,02a205542a7e78403fb3a7a126772a47d4c50a3160ffb620ad59a0bcb6dff917,copied,,VISUAL_MASTER_READY
A00798,ui/hud/player_status_panel.png,ui,hud,PRODUCTION_SINGLE,mobile_hud_components,,,,BRAMBLE_54_63.zip,BRAMBLE_54_63/62_mobile_hud_components/player_status_panel.png,44059ebcbc22b91359ac44268972a556f5b1e76e6e95884604957f19ef5c85a8,copied,,VISUAL_MASTER_READY
A00799,ui/hud/primary_attack.png,ui,hud,PRODUCTION_SINGLE,combat_hud_states,,,,BRAMBLE_KITS_74_83.zip,BRAMBLE_74_83/75_combat_hud_states/primary_attack.png,e08e874ea8658607ade223ee45756a434453ca0fc1293b202d77cb8ed056aaaf,copied,,VISUAL_MASTER_READY
A00800,ui/hud/primary_attack_button.png,ui,hud,PRODUCTION_SINGLE,mobile_hud_components,,,,BRAMBLE_54_63.zip,BRAMBLE_54_63/62_mobile_hud_components/primary_attack_button.png,788150bc86f2b813983778650db6996d08fea46e1b7e40088bbac38940231bdc,copied,,VISUAL_MASTER_READY
A00801,ui/hud/quick_use_bar.png,ui,hud,PRODUCTION_SINGLE,mobile_hud_components,,,,BRAMBLE_54_63.zip,BRAMBLE_54_63/62_mobile_hud_components/quick_use_bar.png,9f581b41f8c91886874ac13125d5e11a3520b47b7f9f1d2ec129f6354ee5883c,copied,,VISUAL_MASTER_READY
A00802,ui/inventory/inventory.png,ui,inventory,PRODUCTION_SINGLE,menu_frames,,,,BRAMBLE_21_29.zip,BRAMBLE_21_29/26_menu_frames/inventory.png,76c7eeffbbb930f0ba417843827f04fec9e073f3ac5a2f58e89b7a62a61929d3,copied,,VISUAL_MASTER_ADJUST
A00803,ui/inventory/item_comparison_panel.png,ui,inventory,PRODUCTION_SINGLE,inventory_equipment_character_ui,,,,BRAMBLE_KITS_74_83.zip,BRAMBLE_74_83/76_inventory_equipment_character_ui/item_comparison_panel.png,53065f63ee9f25852ac8c91dbb9e58ef4ac3fa4ce36f5100dc026649912a5031,copied,,VISUAL_MASTER_ADJUST
A00804,ui/inventory/item_detail_tooltip.png,ui,inventory,PRODUCTION_SINGLE,inventory_equipment_character_ui,,,,BRAMBLE_KITS_74_83.zip,BRAMBLE_74_83/76_inventory_equipment_character_ui/item_detail_tooltip.png,24a64e632a9f3abf8bb27eb99cb7bfbc93c065533ff57f78b7b0d6a861ce267f,copied,,VISUAL_MASTER_ADJUST
A00805,ui/inventory/loot_pickup_panel.png,ui,inventory,PRODUCTION_SINGLE,inventory_equipment_character_ui,,,,BRAMBLE_KITS_74_83.zip,BRAMBLE_74_83/76_inventory_equipment_character_ui/loot_pickup_panel.png,fa2473bc9d0603f2069e66644bc90f94a4555f313ac6f3b0d7a181856eda74a3,copied,,VISUAL_MASTER_ADJUST
A00806,ui/map/minimap_controls.png,ui,map,PRODUCTION_SINGLE,quest_map_portal_raid_ui,,,,BRAMBLE_KITS_74_83.zip,BRAMBLE_74_83/78_quest_map_portal_raid_ui/minimap_controls.png,63098b300c09f3ef3c63f3ae8e23286f086d01491b1b119641fcd954554055f9,copied,,VISUAL_MASTER_ADJUST
A00807,ui/map/minimap_frame.png,ui,map,PRODUCTION_SINGLE,hud_frames,,,,BRAMBLE_21_29.zip,BRAMBLE_21_29/25_hud_frames/minimap_frame.png,870a91ebaea1db1ed465c0dd3240c25dbad6a6b9597398c4b80e4cbb993807ec,copied,,VISUAL_MASTER_ADJUST
A00808,ui/map/settings.png,ui,map,PRODUCTION_SINGLE,world_system_ui,,,,BRAMBLE_21_29.zip,BRAMBLE_21_29/29_world_system_ui/settings.png,9caf1de86549e711974f0c58c8e3399a4165d03a04c09ba31b0fd22827f29858,copied,,VISUAL_MASTER_ADJUST
A00809,ui/map/shop.png,ui,map,PRODUCTION_SINGLE,world_system_ui,,,,BRAMBLE_21_29.zip,BRAMBLE_21_29/29_world_system_ui/shop.png,d99b16ef442bc7f218d0ba4f4da75d3ce23e63dc720bc8993cb1d55d58785d77,copied,,VISUAL_MASTER_ADJUST
A00810,ui/map/world_map.png,ui,map,PRODUCTION_SINGLE,world_system_ui,,,,BRAMBLE_21_29.zip,BRAMBLE_21_29/29_world_system_ui/world_map.png,809cb8fd19b3018a15e71bee90bd40dcf57b6e4eb9604021b42677166eb6bcae,copied,,VISUAL_MASTER_ADJUST
A00811,ui/quests/confirmation_dialog.png,ui,quests,PRODUCTION_SINGLE,menu_panel_shells,,,,BRAMBLE_54_63.zip,BRAMBLE_54_63/63_menu_panel_shells/confirmation_dialog.png,f522d5e988fb9eed7f66684990623337eb15744366bf3a529fdc83bd19bb2f4f,copied,,VISUAL_MASTER_ADJUST
A00812,ui/quests/dialogue.png,ui,quests,PRODUCTION_SINGLE,world_system_ui,,,,BRAMBLE_21_29.zip,BRAMBLE_21_29/29_world_system_ui/dialogue.png,e002645d5713d7e43d20a12295ca55093ec1e7bedff77b7758dffef79a5ed557,copied,,VISUAL_MASTER_ADJUST
A00813,ui/quests/npc_dialog_panel.png,ui,quests,PRODUCTION_SINGLE,quest_map_portal_raid_ui,,,,BRAMBLE_KITS_74_83.zip,BRAMBLE_74_83/78_quest_map_portal_raid_ui/npc_dialog_panel.png,0ab2d86d3cc99522bb4ece8bc35527e9d84da09074c17594d183d267fa12ceb8,copied,,VISUAL_MASTER_ADJUST
A00814,ui/quests/quest_panel.png,ui,quests,PRODUCTION_SINGLE,hud_frames,,,,BRAMBLE_21_29.zip,BRAMBLE_21_29/25_hud_frames/quest_panel.png,9c0067b460ced4a7289f4033d4a64b8a04a4bab57fd12f170d34a314b6a01391,copied,,VISUAL_MASTER_ADJUST
A00815,ui/quests/quest_tracker.png,ui,quests,PRODUCTION_SINGLE,combat_hud_states,,,,BRAMBLE_KITS_74_83.zip,BRAMBLE_74_83/75_combat_hud_states/quest_tracker.png,221db77ba90eae7e7426360712ca01aa1d65dd3166454e1488e2d235e89b7101,copied,,VISUAL_MASTER_ADJUST
A00816,ui/quests/quest_tracker_panel.png,ui,quests,PRODUCTION_SINGLE,mobile_hud_components,,,,BRAMBLE_54_63.zip,BRAMBLE_54_63/62_mobile_hud_components/quest_tracker_panel.png,a827011726b41c696e435219542941395101a5a16d412691faac4e96bd52601b,copied,,VISUAL_MASTER_ADJUST
A00817,ui/quests/world_map_frame.png,ui,quests,PRODUCTION_SINGLE,quest_map_portal_raid_ui,,,,BRAMBLE_KITS_74_83.zip,BRAMBLE_74_83/78_quest_map_portal_raid_ui/world_map_frame.png,c6c6f9fc66e4e6ad4efdabb5a64dc0cda3ac1ed83d1edc2320f26d86baaaec4e,copied,,VISUAL_MASTER_ADJUST
A00818,ui/raid/boss_health.png,ui,raid,PRODUCTION_SINGLE,raid_loot_ui,,,,BRAMBLE_21_29.zip,BRAMBLE_21_29/28_raid_loot_ui/boss_health.png,f9d5634a1ce2e35b904eda379f6db25a02a4e9aa7c26a741d6d0d2cd0078b22a,copied,,VISUAL_MASTER_ADJUST
A00819,ui/raid/dungeon_difficulty_panel.png,ui,raid,PRODUCTION_SINGLE,quest_map_portal_raid_ui,,,,BRAMBLE_KITS_74_83.zip,BRAMBLE_74_83/78_quest_map_portal_raid_ui/dungeon_difficulty_panel.png,2f176590ca60a1a12700f01a0ed3b418819cab944e6f71110aa622beb3ca6c78,copied,,VISUAL_MASTER_ADJUST
A00820,ui/raid/loot_reward.png,ui,raid,PRODUCTION_SINGLE,raid_loot_ui,,,,BRAMBLE_21_29.zip,BRAMBLE_21_29/28_raid_loot_ui/loot_reward.png,f668be6f14aa1c98ba8ddfa8324bd738cf4513ba1fbdaa970af1a105d4734f42,copied,,VISUAL_MASTER_ADJUST
A00821,ui/raid/portal_selection_panel.png,ui,raid,PRODUCTION_SINGLE,quest_map_portal_raid_ui,,,,BRAMBLE_KITS_74_83.zip,BRAMBLE_74_83/78_quest_map_portal_raid_ui/portal_selection_panel.png,e2bb8498037ad90b094b28ad4b0727f884f09b5797f57e6199934164c0ccf4b0,copied,,VISUAL_MASTER_ADJUST
A00822,ui/raid/raid_lobby_panel.png,ui,raid,PRODUCTION_SINGLE,quest_map_portal_raid_ui,,,,BRAMBLE_KITS_74_83.zip,BRAMBLE_74_83/78_quest_map_portal_raid_ui/raid_lobby_panel.png,a948b45451f7596cc8bf93f8214ae20952265dc6435342c6f7cb61afdddd602c,copied,,VISUAL_MASTER_ADJUST
A00823,ui/raid/raid_reward_panel.png,ui,raid,PRODUCTION_SINGLE,quest_map_portal_raid_ui,,,,BRAMBLE_KITS_74_83.zip,BRAMBLE_74_83/78_quest_map_portal_raid_ui/raid_reward_panel.png,3e089fcc034d7bbdf60681d60a8e64665c1674629e0a1e45c812e34ffe1eeb7b,copied,,VISUAL_MASTER_ADJUST
A00824,ui/raid/raid_title.png,ui,raid,PRODUCTION_SINGLE,raid_loot_ui,,,,BRAMBLE_21_29.zip,BRAMBLE_21_29/28_raid_loot_ui/raid_title.png,623e0353b4b3d4286b3f6cafccc1147e1c2cda02620de2330532273072e3cf87,copied,,VISUAL_MASTER_ADJUST
A00825,ui/raid/results.png,ui,raid,PRODUCTION_SINGLE,raid_loot_ui,,,,BRAMBLE_21_29.zip,BRAMBLE_21_29/28_raid_loot_ui/results.png,886cd7613253f96e41940cab3412a9691c2bd8af376c460300046b69af5ec480,copied,,VISUAL_MASTER_ADJUST
A00826,ui/skills/skill.png,ui,skills,PRODUCTION_SINGLE,touch_controls,,,,BRAMBLE_21_29.zip,BRAMBLE_21_29/27_touch_controls/skill.png,5e4020a466d461bd428fb222d9dc88a69b7dc0404182e931f958dd5fecb0e8fb,copied,,VISUAL_MASTER_ADJUST
A00827,ui/skills/skill_button.png,ui,skills,PRODUCTION_SINGLE,mobile_hud_components,,,,BRAMBLE_54_63.zip,BRAMBLE_54_63/62_mobile_hud_components/skill_button.png,c6ef7d5be53bb2fe7c1f349ba080c9cc1a491f437aa30703d343051f4dec47ff,copied,,VISUAL_MASTER_ADJUST
A00828,ui/skills/skill_cooldown.png,ui,skills,PRODUCTION_SINGLE,combat_hud_states,,,,BRAMBLE_KITS_74_83.zip,BRAMBLE_74_83/75_combat_hud_states/skill_cooldown.png,1bc165a9918355dfc90ec1240abefb38cf70b7ca45f03dc53f9fd83536f2969e,copied,,VISUAL_MASTER_ADJUST
A00829,ui/skills/skill_locked.png,ui,skills,PRODUCTION_SINGLE,combat_hud_states,,,,BRAMBLE_KITS_74_83.zip,BRAMBLE_74_83/75_combat_hud_states/skill_locked.png,cdd299f38554f7785358bbe1aff62d1b5a15d2121676a698206959b552998f9f,copied,,VISUAL_MASTER_ADJUST
A00830,ui/skills/skill_normal.png,ui,skills,PRODUCTION_SINGLE,combat_hud_states,,,,BRAMBLE_KITS_74_83.zip,BRAMBLE_74_83/75_combat_hud_states/skill_normal.png,12433d3f93b954455bfc6a8c12510aca7e4831ea5a1b140aaf28ee72236b7b71,copied,,VISUAL_MASTER_ADJUST
A00831,ui/skills/skills.png,ui,skills,PRODUCTION_SINGLE,menu_frames,,,,BRAMBLE_21_29.zip,BRAMBLE_21_29/26_menu_frames/skills.png,1c0005cca6aeff7abce8e741eefbb693718497a38abb1383867f56ab1fec5069,copied,,VISUAL_MASTER_ADJUST
A00832,ui/skills/specialist.png,ui,skills,PRODUCTION_SINGLE,menu_frames,,,,BRAMBLE_21_29.zip,BRAMBLE_21_29/26_menu_frames/specialist.png,de8c779e26872091f461b81649fc31cc9932d7d7611c73e158357a1bdc69d54c,copied,,VISUAL_MASTER_ADJUST
A00833,ui/target/target_bar.png,ui,target,PRODUCTION_SINGLE,hud_frames,,,,BRAMBLE_21_29.zip,BRAMBLE_21_29/25_hud_frames/target_bar.png,20e0a653838a767cce77679db58e23af9a22fcc25c373d02f3cb0dbf16236039,copied,,VISUAL_MASTER_ADJUST
A00834,ui/target/target_status.png,ui,target,PRODUCTION_SINGLE,combat_hud_states,,,,BRAMBLE_KITS_74_83.zip,BRAMBLE_74_83/75_combat_hud_states/target_status.png,3db3d2153015df14d149bc740434af017161948ef297eb78a41e9bc0fa7e9c4d,copied,,VISUAL_MASTER_ADJUST
A00835,ui/target/target_status_panel.png,ui,target,PRODUCTION_SINGLE,mobile_hud_components,,,,BRAMBLE_54_63.zip,BRAMBLE_54_63/62_mobile_hud_components/target_status_panel.png,ac7f18da2e75733bb461fe181dbbd62425d92b884fb93b90fced3a69fa2c5a00,copied,,VISUAL_MASTER_ADJUST
A00836,ui/touch/attack.png,ui,touch,PRODUCTION_SINGLE,touch_controls,,attack,,BRAMBLE_21_29.zip,BRAMBLE_21_29/27_touch_controls/attack.png,6cc736436b842ed8973d9fbed3bbc01c264a391bf5cde632a5a44ae931c203bd,copied,,VISUAL_MASTER_READY
A00837,ui/touch/bottom_tab.png,ui,touch,PRODUCTION_SINGLE,touch_controls,,,,BRAMBLE_21_29.zip,BRAMBLE_21_29/27_touch_controls/bottom_tab.png,f3f8d1f871ce3e07027db6660eb3d9bb5846225d52d1919ca83442fbabfa39db,copied,,VISUAL_MASTER_READY
A00838,ui/touch/item_slot.png,ui,touch,PRODUCTION_SINGLE,touch_controls,,,,BRAMBLE_21_29.zip,BRAMBLE_21_29/27_touch_controls/item_slot.png,d68adc4b561b17df01f7a6be2b86997ad4e91daad8e3ae925997e43d934dac70,copied,,VISUAL_MASTER_READY
A00839,ui\hud/kit25_player_status.png,ui,hud,PRODUCTION_SINGLE,hud_frames,,,,BRAMBLE_21_29.zip,BRAMBLE_21_29/25_hud_frames/player_status.png,d828d224800d3bd61074cc91c553774c2a861758c630e311e1b007756f678847,copied,path collision resolved with kit prefix,VISUAL_MASTER_ADJUST
A00840,ui\hud/kit62_virtual_joystick.png,ui,hud,PRODUCTION_SINGLE,mobile_hud_components,,,,BRAMBLE_54_63.zip,BRAMBLE_54_63/62_mobile_hud_components/virtual_joystick.png,1e03682c6112b19deea888ec02327aa354a127b87f654a666a383cc1f4b7d82c,copied,path collision resolved with kit prefix,VISUAL_MASTER_ADJUST
A00841,ui\hud/kit75_player_status.png,ui,hud,PRODUCTION_SINGLE,combat_hud_states,,,,BRAMBLE_KITS_74_83.zip,BRAMBLE_74_83/75_combat_hud_states/player_status.png,fa3a614c8b67acb296512299827df3fb692fc14d10b08f3db648169beb2a0f3f,copied,path collision resolved with kit prefix,VISUAL_MASTER_ADJUST
A00842,ui\hud/kit75_virtual_joystick.png,ui,hud,PRODUCTION_SINGLE,combat_hud_states,,,,BRAMBLE_KITS_74_83.zip,BRAMBLE_74_83/75_combat_hud_states/virtual_joystick.png,7864f5724317319c2d2dde36bb0ce2193df4987ddfb59d6a3372b8381010f2af,copied,path collision resolved with kit prefix,VISUAL_MASTER_ADJUST
A00843,ui\inventory/kit63_inventory_panel.png,ui,inventory,PRODUCTION_SINGLE,menu_panel_shells,,,,BRAMBLE_54_63.zip,BRAMBLE_54_63/63_menu_panel_shells/inventory_panel.png,79b6f82250128862b83cb51482293396c1a493409ae5b566ec14200490518b13,copied,path collision resolved with kit prefix,VISUAL_MASTER_ADJUST
A00844,ui\inventory/kit76_inventory_panel.png,ui,inventory,PRODUCTION_SINGLE,inventory_equipment_character_ui,,,,BRAMBLE_KITS_74_83.zip,BRAMBLE_74_83/76_inventory_equipment_character_ui/inventory_panel.png,c5152031a36d7e9e5c7e8c91fa21d136dbcd72e432379bfefee051add51eb559,copied,path collision resolved with kit prefix,VISUAL_MASTER_ADJUST
A00845,ui\map/kit62_minimap_bezel.png,ui,map,PRODUCTION_SINGLE,mobile_hud_components,,,,BRAMBLE_54_63.zip,BRAMBLE_54_63/62_mobile_hud_components/minimap_bezel.png,a5a1f7a73fb2507fc8d90ef2371550f6bb1d106a7421c2098353d26b7c91eaa2,copied,path collision resolved with kit prefix,VISUAL_MASTER_ADJUST
A00846,ui\map/kit75_minimap_bezel.png,ui,map,PRODUCTION_SINGLE,combat_hud_states,,,,BRAMBLE_KITS_74_83.zip,BRAMBLE_74_83/75_combat_hud_states/minimap_bezel.png,b4ec7396db27f9c130c77a01c1c7159816f2023dddf18ee8dcea113d1016b76e,copied,path collision resolved with kit prefix,VISUAL_MASTER_ADJUST
A00847,ui\quests/kit63_quest_log_panel.png,ui,quests,PRODUCTION_SINGLE,menu_panel_shells,,,,BRAMBLE_54_63.zip,BRAMBLE_54_63/63_menu_panel_shells/quest_log_panel.png,80b7d9b6f20a498ce9de0f24f49b0fda143ce5259afbb64495ac765845b81c88,copied,path collision resolved with kit prefix,VISUAL_MASTER_ADJUST
A00848,ui\quests/kit78_quest_log_panel.png,ui,quests,PRODUCTION_SINGLE,quest_map_portal_raid_ui,,,,BRAMBLE_KITS_74_83.zip,BRAMBLE_74_83/78_quest_map_portal_raid_ui/quest_log_panel.png,726f1c19c99c7e9acb9652881733151864fc6656d2a3ed813a2f75c67ed53dde,copied,path collision resolved with kit prefix,VISUAL_MASTER_ADJUST
A00849,world/buildings/apothecary.png,world,buildings,PRODUCTION_SINGLE,wilds,,,,BRAMBLE_30_35.zip,BRAMBLE_30_35/31_village_wilds/apothecary.png,8beaf0c1f017fa1b33168bc25eae5e742dfdc6507d69433e1a216a131e9e79d9,copied,,VISUAL_MASTER_READY
A00850,world/buildings/apple_tree.png,world,buildings,PRODUCTION_SINGLE,life,,,,BRAMBLE_38_43.zip,BRAMBLE_38_43/40_village_life/apple_tree.png,5e0293e51fd2d1de92dc3b7c3169d9eb7455dff54214715849968bbfc743dfb2,copied,,VISUAL_MASTER_READY
A00851,world/buildings/bakery.png,world,buildings,PRODUCTION_SINGLE,buildings,,,,BRAMBLE_38_43.zip,BRAMBLE_38_43/39_village_buildings/bakery.png,3e10e256bd0151faa5e4b850e282c725e642bc54c589f10d831dc620af4b5cb7,copied,,VISUAL_MASTER_READY
A00852,world/buildings/bench_crates.png,world,buildings,PRODUCTION_SINGLE,life,,,,BRAMBLE_38_43.zip,BRAMBLE_38_43/40_village_life/bench_crates.png,d6ebc477463b08672c40820017bdc56b38a3426179882a2f33ca4e4791db0265,copied,,VISUAL_MASTER_READY
A00853,world/buildings/blank_sign.png,world,buildings,PRODUCTION_SINGLE,wilds,,,,BRAMBLE_30_35.zip,BRAMBLE_30_35/31_village_wilds/blank_sign.png,294d9111048783d2013eb388af55a2389b70fd1a231500c4a7ea4870af856661,copied,,VISUAL_MASTER_READY
A00854,world/buildings/blank_signpost.png,world,buildings,PRODUCTION_SINGLE,life,,,,BRAMBLE_38_43.zip,BRAMBLE_38_43/40_village_life/blank_signpost.png,1417f40bf6d2c079028e1d8896bff59caa946251e5270cf281de8308511ae9af,copied,,VISUAL_MASTER_READY
A00855,world/buildings/chicken_coop.png,world,buildings,PRODUCTION_SINGLE,life,,,,BRAMBLE_38_43.zip,BRAMBLE_38_43/40_village_life/chicken_coop.png,c937c189c28624d8d259ea1a5ecb16e05b80a09b1f76bfe4e4be983929ac1ba1,copied,,VISUAL_MASTER_READY
A00856,world/buildings/cottage.png,world,buildings,PRODUCTION_SINGLE,wilds,,,,BRAMBLE_30_35.zip,BRAMBLE_30_35/31_village_wilds/cottage.png,efac81de168c5bc239c8f31ed72b2b699b04be561204c82e111788247eac4816,copied,,VISUAL_MASTER_READY
A00857,world/buildings/cottage_complete.png,world,buildings,PRODUCTION_SINGLE,cottage,,,,BRAMBLE_44_48.zip,BRAMBLE_44_48/45_layered_autumn_cottage/cottage_complete.png,d6aafe5c2b7551ae98f044631ec84138b63a92a7da428188a41c5f74c7281769,copied,,VISUAL_MASTER_READY
A00858,world/buildings/fence_corner.png,world,buildings,PRODUCTION_SINGLE,buildings,,,,BRAMBLE_38_43.zip,BRAMBLE_38_43/41_nightfall_buildings/fence_corner.png,25191b522d027657013dec9838210e8b1c4508f2a2ac74345f1cfdb1b8da2b9c,copied,,VISUAL_MASTER_READY
A00859,world/buildings/fence_straight.png,world,buildings,PRODUCTION_SINGLE,buildings,,,,BRAMBLE_38_43.zip,BRAMBLE_38_43/41_nightfall_buildings/fence_straight.png,985744591d49d8e892ae3a3a89c800d820db16e886d8ee0c0d42b05af2ca32ed,copied,,VISUAL_MASTER_READY
A00860,world/buildings/flower_bed.png,world,buildings,PRODUCTION_SINGLE,life,,,,BRAMBLE_38_43.zip,BRAMBLE_38_43/40_village_life/flower_bed.png,dd9d317cbdd05c4379b60293ef5826abef1d76aad6e4883f1169f8e01dc1aa04,copied,,VISUAL_MASTER_READY
A00861,world/buildings/garden.png,world,buildings,PRODUCTION_SINGLE,life,,,,BRAMBLE_38_43.zip,BRAMBLE_38_43/40_village_life/garden.png,bc45568087354fa1020466ec6bf931e53a0f43e7b24d99de06f882b2d5f25d7f,copied,,VISUAL_MASTER_READY
A00862,world/buildings/gate_fence.png,world,buildings,PRODUCTION_SINGLE,wilds,,,,BRAMBLE_30_35.zip,BRAMBLE_30_35/31_village_wilds/gate_fence.png,01208ab37a7f6e78b1862f227d7224e72617ab366007d7e20d56e71560c437d3,copied,,VISUAL_MASTER_READY
A00863,world/buildings/golden_shrubs.png,world,buildings,PRODUCTION_SINGLE,wilds,,,,BRAMBLE_30_35.zip,BRAMBLE_30_35/31_village_wilds/golden_shrubs.png,5537cebae2c8f6d0e7de9e58384e3d4a55788a0d5b42c5ad0fdc3d5f97b9d0a7,copied,,VISUAL_MASTER_READY
A00864,world/buildings/hay_bales.png,world,buildings,PRODUCTION_SINGLE,life,,,,BRAMBLE_38_43.zip,BRAMBLE_38_43/40_village_life/hay_bales.png,b4c5e5f3a694603a547f03fbcd2e507a0a3305c06eb77494c033348a6b448ed6,copied,,VISUAL_MASTER_READY
A00865,world/buildings/inn.png,world,buildings,PRODUCTION_SINGLE,buildings,,,,BRAMBLE_38_43.zip,BRAMBLE_38_43/39_village_buildings/inn.png,e013603e48d022d7adda1f61a3a15dc301711ab1e31fe297ac21f505f4ccaf55,copied,,VISUAL_MASTER_READY
A00866,world/buildings/lantern.png,world,buildings,PRODUCTION_SINGLE,buildings,,,,BRAMBLE_38_43.zip,BRAMBLE_38_43/41_nightfall_buildings/lantern.png,994848d05f72b44f6ee291ae7be4f538345ebae21b63b23df9244df08d88dd25,copied,,VISUAL_MASTER_READY
A00867,world/buildings/lantern_post.png,world,buildings,PRODUCTION_SINGLE,life,,,,BRAMBLE_38_43.zip,BRAMBLE_38_43/40_village_life/lantern_post.png,7d893ccd7423f70d39ee9e300164cca54016be1b4f39b4023569cb2ed20641cf,copied,,VISUAL_MASTER_READY
A00868,world/buildings/lookout_tower.png,world,buildings,PRODUCTION_SINGLE,buildings,,,,BRAMBLE_38_43.zip,BRAMBLE_38_43/41_nightfall_buildings/lookout_tower.png,0c319f0a3845d0342c5b42a441b6d1e949b18b17452e5ee99fefd87ef2a84a5f,copied,,VISUAL_MASTER_READY
A00869,world/buildings/market_stall.png,world,buildings,PRODUCTION_SINGLE,wilds,,,,BRAMBLE_30_35.zip,BRAMBLE_30_35/31_village_wilds/market_stall.png,4f56f37a1742c3d7e74ac81867c1e7d1e28aef98f33a2ca9429f1a1355c81ba8,copied,,VISUAL_MASTER_READY
A00870,world/buildings/mausoleum.png,world,buildings,PRODUCTION_SINGLE,buildings,,,,BRAMBLE_38_43.zip,BRAMBLE_38_43/41_nightfall_buildings/mausoleum.png,4a5179fd2a32477f778390999ddd01d1bb5b2aae5606edbb9272f3478f3e4dab,copied,,VISUAL_MASTER_READY
A00871,world/buildings/milestone.png,world,buildings,PRODUCTION_SINGLE,buildings,,,,BRAMBLE_38_43.zip,BRAMBLE_38_43/41_nightfall_buildings/milestone.png,5957518c8517ccd4eb136d062f6141d0dac45e2684e49632e270320c26a802e5,copied,,VISUAL_MASTER_READY
A00872,world/buildings/palisade_corner.png,world,buildings,PRODUCTION_SINGLE,buildings,,,,BRAMBLE_38_43.zip,BRAMBLE_38_43/39_village_buildings/palisade_corner.png,98f038914fae5a9055350ae36f66ebe4e647fa9cbee8d2da92f3e8a949baaf0c,copied,,VISUAL_MASTER_READY
A00873,world/buildings/palisade_straight.png,world,buildings,PRODUCTION_SINGLE,buildings,,,,BRAMBLE_38_43.zip,BRAMBLE_38_43/39_village_buildings/palisade_straight.png,bd63bb162d7de8b88a206c3ae47637c47dda860d56f267ab3630736771e43098,copied,,VISUAL_MASTER_READY
A00874,world/buildings/porch_foreground_layer.png,world,buildings,PRODUCTION_SINGLE,cottage,,,,BRAMBLE_44_48.zip,BRAMBLE_44_48/45_layered_autumn_cottage/porch_foreground_layer.png,6760019c462794fefce16aa21f881b6ff824852b43082c2731330afa69a13fc5,copied,,VISUAL_MASTER_READY
A00875,world/buildings/produce_cart.png,world,buildings,PRODUCTION_SINGLE,life,,,,BRAMBLE_38_43.zip,BRAMBLE_38_43/40_village_life/produce_cart.png,c28eeb9a56e796a366407ec75740b30467b1fdacdb9f001cbde4075b7674ccb3,copied,,VISUAL_MASTER_READY
A00876,world/buildings/red_oak.png,world,buildings,PRODUCTION_SINGLE,wilds,,,,BRAMBLE_30_35.zip,BRAMBLE_30_35/31_village_wilds/red_oak.png,77aea3a4612054827dc0342b7fc6f007f2577e990fa827f308930e730c9b6754,copied,,VISUAL_MASTER_READY
A00877,world/buildings/roof_layer.png,world,buildings,PRODUCTION_SINGLE,cottage,,,,BRAMBLE_44_48.zip,BRAMBLE_44_48/45_layered_autumn_cottage/roof_layer.png,2c1c83cec70d3a5bdf751fdfd64372f2d63ed3dc2e32e15c7964a19fa2f1458a,copied,,VISUAL_MASTER_READY
A00878,world/buildings/ruined_arch.png,world,buildings,PRODUCTION_SINGLE,wilds,,,,BRAMBLE_30_35.zip,BRAMBLE_30_35/31_village_wilds/ruined_arch.png,cf1e5d4f30aa59a5868ac5eb950dfb4e1b6f93de44e96897b159ffd2637daa77,copied,,VISUAL_MASTER_READY
A00879,world/buildings/ruined_chapel.png,world,buildings,PRODUCTION_SINGLE,buildings,,,,BRAMBLE_38_43.zip,BRAMBLE_38_43/41_nightfall_buildings/ruined_chapel.png,ec5f5288f5fb977facfe8b4325f3721c3f052fd6ea5f2fb4d3006ebd4f17c8dd,copied,,VISUAL_MASTER_READY
A00880,world/buildings/stream_bridge.png,world,buildings,PRODUCTION_SINGLE,buildings,,,,BRAMBLE_38_43.zip,BRAMBLE_38_43/41_nightfall_buildings/stream_bridge.png,c7246ded54a9070ab64fa16833bae2f47016c299b85d2a80aadaf4190af5d98a,copied,,VISUAL_MASTER_READY
A00881,world/buildings/teal_roof_end.png,world,buildings,PRODUCTION_SINGLE,hainweiler_building_modules,,,,BRAMBLE_49_53.zip,BRAMBLE_49_53/51_hainweiler_building_modules/teal_roof_end.png,419128ee6803de7d54cf204c3ee0df97b405d84abbca2f4f2a29d070b7b98084,copied,,VISUAL_MASTER_READY
A00882,world/buildings/teal_roof_straight.png,world,buildings,PRODUCTION_SINGLE,hainweiler_building_modules,,,,BRAMBLE_49_53.zip,BRAMBLE_49_53/51_hainweiler_building_modules/teal_roof_straight.png,00347560e84131a01fecb0e6f7d9954cf0d4640e618d43917b8b79db305bb463,copied,,VISUAL_MASTER_READY
A00883,world/buildings/timber_door_wall.png,world,buildings,PRODUCTION_SINGLE,hainweiler_building_modules,,,,BRAMBLE_49_53.zip,BRAMBLE_49_53/51_hainweiler_building_modules/timber_door_wall.png,97e5ad4345f7d1a843fbc5dac82851be5d030de118bd2a0665542354add0946d,copied,,VISUAL_MASTER_READY
A00884,world/buildings/timber_wall_outer_corner.png,world,buildings,PRODUCTION_SINGLE,hainweiler_building_modules,,,,BRAMBLE_49_53.zip,BRAMBLE_49_53/51_hainweiler_building_modules/timber_wall_outer_corner.png,7af00c70ff3ec338e91478e31919174683ea4b60538da4c7d1a429d5a350807c,copied,,VISUAL_MASTER_READY
A00885,world/buildings/timber_wall_straight.png,world,buildings,PRODUCTION_SINGLE,hainweiler_building_modules,,,,BRAMBLE_49_53.zip,BRAMBLE_49_53/51_hainweiler_building_modules/timber_wall_straight.png,18f89dc1c044ff760bc148ba4551d0b2c7478b5d7664d64bc1d95332f4c6b0a0,copied,,VISUAL_MASTER_READY
A00886,world/buildings/timber_window_wall.png,world,buildings,PRODUCTION_SINGLE,hainweiler_building_modules,,,,BRAMBLE_49_53.zip,BRAMBLE_49_53/51_hainweiler_building_modules/timber_window_wall.png,f30ef00acbe75e4f6a5e2f540e5b0889ce167dd969dde38cb482810c8e50dbbe,copied,,VISUAL_MASTER_READY
A00887,world/buildings/town_fountain.png,world,buildings,PRODUCTION_SINGLE,buildings,,,,BRAMBLE_38_43.zip,BRAMBLE_38_43/39_village_buildings/town_fountain.png,60ffd4730787f507078eae722d63a9ec0018925b150e4f6eb31b7fb7a16fdb85,copied,,VISUAL_MASTER_READY
A00888,world/buildings/town_gate.png,world,buildings,PRODUCTION_SINGLE,buildings,,,,BRAMBLE_38_43.zip,BRAMBLE_38_43/39_village_buildings/town_gate.png,8bea8387d764c76adb64a69c706189ec9752d3a6af0caf6087d12c6a96eefe53,copied,,VISUAL_MASTER_READY
A00889,world/buildings/village_well.png,world,buildings,PRODUCTION_SINGLE,wilds,,,,BRAMBLE_30_35.zip,BRAMBLE_30_35/31_village_wilds/village_well.png,ef6562ef961f296c58dbc37fb7e6d7b8e14c96a024a5b4db2d8f48037c33ac82,copied,,VISUAL_MASTER_READY
A00890,world/buildings/walls_layer.png,world,buildings,PRODUCTION_SINGLE,cottage,,,,BRAMBLE_44_48.zip,BRAMBLE_44_48/45_layered_autumn_cottage/walls_layer.png,618b29639662cac6dd65738c07001d6cbaf8eed0c687534838886f3a833c97db,copied,,VISUAL_MASTER_READY
A00891,world/buildings/watchtower.png,world,buildings,PRODUCTION_SINGLE,buildings,,,,BRAMBLE_38_43.zip,BRAMBLE_38_43/39_village_buildings/watchtower.png,441baf7a6106bc931bb9c514965a237f2f0b7ee829045c4373d7376e49005540,copied,,VISUAL_MASTER_READY
A00892,world/buildings/workshop.png,world,buildings,PRODUCTION_SINGLE,buildings,,,,BRAMBLE_38_43.zip,BRAMBLE_38_43/39_village_buildings/workshop.png,08a16e02cb88aa030c0feb5069cb142abebe54f203942c3334e03f5fb4dd8f08,copied,,VISUAL_MASTER_READY
A00893,world/dungeons/cellar_entrance.png,world,dungeons,PRODUCTION_SINGLE,dungeon_raid_entrances,,,,BRAMBLE_49_53.zip,BRAMBLE_49_53/53_dungeon_raid_entrances/cellar_entrance.png,3fdf6657b34f9bf7c8fb4ae59a326e7f1bcc85c3542c763c72503f436e70687e,copied,,VISUAL_MASTER_READY
A00894,world/dungeons/copper_mine_entrance.png,world,dungeons,PRODUCTION_SINGLE,dungeon_raid_entrances,,,,BRAMBLE_49_53.zip,BRAMBLE_49_53/53_dungeon_raid_entrances/copper_mine_entrance.png,7c9a5e76e8986a37933693b052beccdc06dd82c5a74399bd88a67958be13dafb,copied,,VISUAL_MASTER_READY
A00895,world/dungeons/crystal_cave_entrance.png,world,dungeons,PRODUCTION_SINGLE,dungeon_raid_entrances,,,,BRAMBLE_49_53.zip,BRAMBLE_49_53/53_dungeon_raid_entrances/crystal_cave_entrance.png,ed290b3c894001c4fb2105943913593a5637a3a924b20527a3bad93d343965e3,copied,,VISUAL_MASTER_READY
A00896,world/dungeons/nightfall_raid_gate.png,world,dungeons,PRODUCTION_SINGLE,dungeon_raid_entrances,,,,BRAMBLE_49_53.zip,BRAMBLE_49_53/53_dungeon_raid_entrances/nightfall_raid_gate.png,81e5c835df1b01824e5338a86fa3724fc98875791f494d3eb18443395fac26ed,copied,,VISUAL_MASTER_READY
A00897,world/dungeons/root_forest_entrance.png,world,dungeons,PRODUCTION_SINGLE,dungeon_raid_entrances,,,,BRAMBLE_49_53.zip,BRAMBLE_49_53/53_dungeon_raid_entrances/root_forest_entrance.png,550b3c2a570a1078f016c77dddd5be5b9fe7ac376cd72c03cc85e7d7edf7a51f,copied,,VISUAL_MASTER_READY
A00898,world/dungeons/ruin_doorway.png,world,dungeons,PRODUCTION_SINGLE,dungeon_raid_entrances,,,,BRAMBLE_49_53.zip,BRAMBLE_49_53/53_dungeon_raid_entrances/ruin_doorway.png,1233e9caa38b3ce7d5c35bd0128281203bec8c89beffcb53f00de0cc150cb286,copied,,VISUAL_MASTER_READY
A00899,world/dungeons/ruin_shrine.png,world,dungeons,PRODUCTION_SINGLE,biome,,,,BRAMBLE_36_37.zip,BRAMBLE_36_37/37_nightfall_biome/ruin_shrine.png,579f108b2102204e69312b958cf731eba6fef60814813f668e8478024b8d2fcb,copied,,VISUAL_MASTER_READY
A00900,world/elevation/broken_ramp.png,world,elevation,PRODUCTION_SINGLE,biome,,,,BRAMBLE_36_37.zip,BRAMBLE_36_37/37_nightfall_biome/broken_ramp.png,be0b59b7f01efe13808843481db4a791a2a0966526143dd79caee7b4738eabc0,copied,,VISUAL_MASTER_ADJUST
A00901,world/elevation/cliff_ramp.png,world,elevation,PRODUCTION_SINGLE,cliff_modules,,,,BRAMBLE_44_48.zip,BRAMBLE_44_48/44_autumn_cliff_modules/cliff_ramp.png,12b56ff220e750109b04b9bd4f2d880ef95175d70b2575b63f16238a33fdb06d,copied,,VISUAL_MASTER_ADJUST
A00902,world/elevation/cliff_straight.png,world,elevation,PRODUCTION_SINGLE,cliff_modules,,,,BRAMBLE_44_48.zip,BRAMBLE_44_48/44_autumn_cliff_modules/cliff_straight.png,12b10562cfa9aed462ddc61f2a01b0c448f8811fa2e2a8adfced24d683b2f9e3,copied,,VISUAL_MASTER_ADJUST
A00903,world/elevation/cliff_straight_low.png,world,elevation,PRODUCTION_SINGLE,elevation_connectors,,,,BRAMBLE_49_53.zip,BRAMBLE_49_53/49_elevation_connectors/cliff_straight_low.png,fd772689cea7f96392123c508bf88be51296e093d38d8b5d44767fe05d16b1a6,copied,,VISUAL_MASTER_ADJUST
A00904,world/elevation/cliff_tunnel.png,world,elevation,PRODUCTION_SINGLE,raised_village,,,,BRAMBLE_36_37.zip,BRAMBLE_36_37/36_raised_village/cliff_tunnel.png,88b71cd3c29705982d44fe1dde7e2fc2b22fc14adde89666df03c8f11fb1bb71,copied,,VISUAL_MASTER_ADJUST
A00905,world/elevation/cliff_wall.png,world,elevation,PRODUCTION_SINGLE,raised_village,,,,BRAMBLE_36_37.zip,BRAMBLE_36_37/36_raised_village/cliff_wall.png,5bf8c3c30cb1013d49e02c30b9f9de73263b44ea695636542f82d8847d4cd505,copied,,VISUAL_MASTER_ADJUST
A00906,world/elevation/earth_ledge.png,world,elevation,PRODUCTION_SINGLE,raised_village,,,,BRAMBLE_36_37.zip,BRAMBLE_36_37/36_raised_village/earth_ledge.png,f6e852c329817db248646b0e506cdd7d536a44b52fdfdfe78a3da6a67f1a363a,copied,,VISUAL_MASTER_ADJUST
A00907,world/elevation/earthen_ramp.png,world,elevation,PRODUCTION_SINGLE,elevation_connectors,,,,BRAMBLE_49_53.zip,BRAMBLE_49_53/49_elevation_connectors/earthen_ramp.png,3af31d8789c582c24506ef2175dae94e4d64bc87e6518095c86987e0d8af0ad4,copied,,VISUAL_MASTER_ADJUST
A00908,world/elevation/embedded_stone_stairs.png,world,elevation,PRODUCTION_SINGLE,elevation_connectors,,,,BRAMBLE_49_53.zip,BRAMBLE_49_53/49_elevation_connectors/embedded_stone_stairs.png,c54549db9b4a68b9a361a322dad7f5e0fedddd11d8697c33bb6ca2ee6f955d37,copied,,VISUAL_MASTER_ADJUST
A00909,world/elevation/grass_edge.png,world,elevation,PRODUCTION_SINGLE,raised_village,,,,BRAMBLE_36_37.zip,BRAMBLE_36_37/36_raised_village/grass_edge.png,842a04f4f02ae2240b565bd3bf44844e3423e4284d29c5c562b7eabb875a4bdc,copied,,VISUAL_MASTER_ADJUST
A00910,world/elevation/grassy_ledge_endcap.png,world,elevation,PRODUCTION_SINGLE,elevation_connectors,,,,BRAMBLE_49_53.zip,BRAMBLE_49_53/49_elevation_connectors/grassy_ledge_endcap.png,a9f7a84d6f48352ad98fbe19121bbf6ccea8de36b50cd13ea8217d5988f2c13c,copied,,VISUAL_MASTER_ADJUST
A00911,world/elevation/inner_corner.png,world,elevation,PRODUCTION_SINGLE,raised_village,,,,BRAMBLE_36_37.zip,BRAMBLE_36_37/36_raised_village/inner_corner.png,9c9267b69cac7294083e75ae888cb4af99bafa476ee90b759f97e79f50d212d5,copied,,VISUAL_MASTER_ADJUST
A00912,world/elevation/outer_corner.png,world,elevation,PRODUCTION_SINGLE,raised_village,,,,BRAMBLE_36_37.zip,BRAMBLE_36_37/36_raised_village/outer_corner.png,628fc2d1381789d0cdf14b5e8ad0d9a52930e490047ba29a490e6b1c59dcd40a,copied,,VISUAL_MASTER_ADJUST
A00913,world/elevation/ramp.png,world,elevation,PRODUCTION_SINGLE,raised_village,,,,BRAMBLE_36_37.zip,BRAMBLE_36_37/36_raised_village/ramp.png,bd4af82b939ed73800e2da8f7a741051692310e3e20e675b9c9c7af0507ae744,copied,,VISUAL_MASTER_ADJUST
A00914,world/elevation/staircase.png,world,elevation,PRODUCTION_SINGLE,raised_village,,,,BRAMBLE_36_37.zip,BRAMBLE_36_37/36_raised_village/staircase.png,881b504210c71d2555292b92d1fa613ebea44a5fa743275790da26bfca2ae8e6,copied,,VISUAL_MASTER_ADJUST
A00915,world/elevation/stone_stairs.png,world,elevation,PRODUCTION_SINGLE,buildings,,,,BRAMBLE_38_43.zip,BRAMBLE_38_43/41_nightfall_buildings/stone_stairs.png,8c27a32083d59eb693a9e69bb21d5383655beafbdc07e6691a6cbaf8ad4d19fa,copied,,VISUAL_MASTER_ADJUST
A00916,world/landmarks/ash_corner.png,world,landmarks,PRODUCTION_SINGLE,biome,,,,BRAMBLE_36_37.zip,BRAMBLE_36_37/37_nightfall_biome/ash_corner.png,bf482e4be274862ae9f2443ffd50123664175855a97fec6b14ba57a9bebbeee5,copied,,VISUAL_MASTER_ADJUST
A00917,world/landmarks/ash_plateau.png,world,landmarks,PRODUCTION_SINGLE,biome,,,,BRAMBLE_36_37.zip,BRAMBLE_36_37/37_nightfall_biome/ash_plateau.png,03e7ff0b12d41144d0b8011f0d243b5995c33daed660ebc569b20f1e87783a13,copied,,VISUAL_MASTER_ADJUST
A00918,world/landmarks/dead_tree.png,world,landmarks,PRODUCTION_SINGLE,biome,,,,BRAMBLE_36_37.zip,BRAMBLE_36_37/37_nightfall_biome/dead_tree.png,a4b99f132fd18429b7cbb4bd6737e565e5302bb7dfc1714f7291205fac89e16f,copied,,VISUAL_MASTER_ADJUST
A00919,world/landmarks/moon_gate.png,world,landmarks,PRODUCTION_SINGLE,biome,,,,BRAMBLE_36_37.zip,BRAMBLE_36_37/37_nightfall_biome/moon_gate.png,990372d609798dbef303412ce7925560b054ddef645d53f7046077a8ba7220df,copied,,VISUAL_MASTER_ADJUST
A00920,world/landmarks/thorn_brambles.png,world,landmarks,PRODUCTION_SINGLE,biome,,,,BRAMBLE_36_37.zip,BRAMBLE_36_37/37_nightfall_biome/thorn_brambles.png,5eda874d0c7d69c2ba5663e5df73f0648ab7ebe2806d61e9ee487686974915f8,copied,,VISUAL_MASTER_ADJUST
A00921,world/landmarks/violet_lantern.png,world,landmarks,PRODUCTION_SINGLE,biome,,,,BRAMBLE_36_37.zip,BRAMBLE_36_37/37_nightfall_biome/violet_lantern.png,67578bbaef8add9f426698ead717333cfe9f9faa3bd5412b3a6e1ae112f3d33a,copied,,VISUAL_MASTER_ADJUST
A00922,world/portals/portal_arch_active.png,world,portals,PRODUCTION_SINGLE,portals_checkpoints,,,,BRAMBLE_49_53.zip,BRAMBLE_49_53/52_portals_checkpoints/portal_arch_active.png,7f004614b61d0d6c925adf763b0f3814ee4aab1af0ce812ba5ddd9b5b42b4970,copied,,VISUAL_MASTER_READY
A00923,world/portals/portal_arch_inactive.png,world,portals,PRODUCTION_SINGLE,portals_checkpoints,,,,BRAMBLE_49_53.zip,BRAMBLE_49_53/52_portals_checkpoints/portal_arch_inactive.png,934b51ece5263b48cb1feb9961b76b555444c6173d6708b1eb44b26574153b47,copied,,VISUAL_MASTER_READY
A00924,world/portals/raid_entrance_seal.png,world,portals,PRODUCTION_SINGLE,portals_checkpoints,,,,BRAMBLE_49_53.zip,BRAMBLE_49_53/52_portals_checkpoints/raid_entrance_seal.png,a7013408ad9007917875ff7e984a8b4facf39f9eabe47bae86588917a0b965d6,copied,,VISUAL_MASTER_READY
A00925,world/portals/region_checkpoint_gate.png,world,portals,PRODUCTION_SINGLE,portals_checkpoints,,,,BRAMBLE_49_53.zip,BRAMBLE_49_53/52_portals_checkpoints/region_checkpoint_gate.png,a9f1a2bdbeefe52ce313dcb1df32c8fb5c4c8287ce00f6e6a8a23040a5499ad6,copied,,VISUAL_MASTER_READY
A00926,world/portals/waypoint_active.png,world,portals,PRODUCTION_SINGLE,portals_checkpoints,,,,BRAMBLE_49_53.zip,BRAMBLE_49_53/52_portals_checkpoints/waypoint_active.png,717aa1eef0feaa681b9b9e40466855be0a03ff60e57a376ff5c61434b57731f3,copied,,VISUAL_MASTER_READY
A00927,world/portals/waypoint_inactive.png,world,portals,PRODUCTION_SINGLE,portals_checkpoints,,,,BRAMBLE_49_53.zip,BRAMBLE_49_53/52_portals_checkpoints/waypoint_inactive.png,3ff2dcab232916c61ccdcdab0b97c823e53a4e19cbbf684fb8a96bb16c21750b,copied,,VISUAL_MASTER_READY
A00928,world/roads/pond_edge_endcap.png,world,roads,PRODUCTION_SINGLE,water_riverbank_crossings,,,,BRAMBLE_49_53.zip,BRAMBLE_49_53/50_water_riverbank_crossings/pond_edge_endcap.png,6c18dd864ac4fab236221087b52e3179d93130341c370a157cd7e044ea105608,copied,,VISUAL_MASTER_READY
A00929,world/roads/river_corner.png,world,roads,PRODUCTION_SINGLE,roads_riverbank,,,,BRAMBLE_30_35.zip,BRAMBLE_30_35/30_roads_riverbank/river_corner.png,6de4c5d11ee4cce56dea2c317e209ec809c4843fc60486eb7949615ae3a37888,copied,,VISUAL_MASTER_READY
A00930,world/roads/river_edge.png,world,roads,PRODUCTION_SINGLE,roads_riverbank,,,,BRAMBLE_30_35.zip,BRAMBLE_30_35/30_roads_riverbank/river_edge.png,4274c29f50315a145c59895fde4180b30e1c40126f38c7faf00574ab43b5c64d,copied,,VISUAL_MASTER_READY
A00931,world/roads/riverbank_inner_curve.png,world,roads,PRODUCTION_SINGLE,water_riverbank_crossings,,,,BRAMBLE_49_53.zip,BRAMBLE_49_53/50_water_riverbank_crossings/riverbank_inner_curve.png,7eedb65b0f079ddcd303d2c4e6deab1903f5bcf0576e2f42d363e9be69dc48c6,copied,,VISUAL_MASTER_READY
A00932,world/roads/riverbank_outer_curve.png,world,roads,PRODUCTION_SINGLE,water_riverbank_crossings,,,,BRAMBLE_49_53.zip,BRAMBLE_49_53/50_water_riverbank_crossings/riverbank_outer_curve.png,9788b821fe96525b6aa818ab86189c5265fcecc62145deac2eb8a1d675465951,copied,,VISUAL_MASTER_READY
A00933,world/roads/riverbank_straight.png,world,roads,PRODUCTION_SINGLE,water_riverbank_crossings,,,,BRAMBLE_49_53.zip,BRAMBLE_49_53/50_water_riverbank_crossings/riverbank_straight.png,3f93fb4b24fbcccc1f004dff0755cd32abbd33048929d78ab3a86dda58ecb8ba,copied,,VISUAL_MASTER_READY
A00934,world/roads/road_bend.png,world,roads,PRODUCTION_SINGLE,roads_riverbank,,,,BRAMBLE_30_35.zip,BRAMBLE_30_35/30_roads_riverbank/road_bend.png,50dcbf7cf1c99af3f1ecc4bc13876fa5fd75930aabf4baacda66ebe89e7d8432,copied,,VISUAL_MASTER_READY
A00935,world/roads/road_cobble.png,world,roads,PRODUCTION_SINGLE,roads_riverbank,,,,BRAMBLE_30_35.zip,BRAMBLE_30_35/30_roads_riverbank/road_cobble.png,20c9b9324de00c082ac1d60f3027249b20da549b7b71981f61915f97733b68f4,copied,,VISUAL_MASTER_READY
A00936,world/roads/road_cross.png,world,roads,PRODUCTION_SINGLE,roads_riverbank,,,,BRAMBLE_30_35.zip,BRAMBLE_30_35/30_roads_riverbank/road_cross.png,6e9d9ac00bad1c160df51a77fdb3334a5002c47c94e17dfd86fa060a84edd3db,copied,,VISUAL_MASTER_READY
A00937,world/roads/road_horizontal.png,world,roads,PRODUCTION_SINGLE,roads_riverbank,,,,BRAMBLE_30_35.zip,BRAMBLE_30_35/30_roads_riverbank/road_horizontal.png,a0bd5cee3b01010e3b6c16b0267cbe0b0fdcf50dd64097cd79758d42fe543cf2,copied,,VISUAL_MASTER_READY
A00938,world/roads/road_vertical.png,world,roads,PRODUCTION_SINGLE,roads_riverbank,,,,BRAMBLE_30_35.zip,BRAMBLE_30_35/30_roads_riverbank/road_vertical.png,1ef067b844b1771294999d6d01825e7aa142c5b7a10cb47cd51d625e61fe0669,copied,,VISUAL_MASTER_READY
A00939,world/roads/shallow_ford.png,world,roads,PRODUCTION_SINGLE,water_riverbank_crossings,,,,BRAMBLE_49_53.zip,BRAMBLE_49_53/50_water_riverbank_crossings/shallow_ford.png,7f10060ee45578f8cc5db8703f7de551c218754341566741c3746da62bfad9bc,copied,,VISUAL_MASTER_READY
A00940,world/roads/stepping_stones.png,world,roads,PRODUCTION_SINGLE,roads_riverbank,,,,BRAMBLE_30_35.zip,BRAMBLE_30_35/30_roads_riverbank/stepping_stones.png,b2e9c50e96144b878db9e375d64d4a8d7b539834eb06c1388d4321044d950907,copied,,VISUAL_MASTER_READY
A00941,world/roads/wooden_bridge.png,world,roads,PRODUCTION_SINGLE,roads_riverbank,,,,BRAMBLE_30_35.zip,BRAMBLE_30_35/30_roads_riverbank/wooden_bridge.png,ca2e1f4f4d03d9bfc3800735de84b3d0f7623a68c03730e4222efac80839d3e3,copied,,VISUAL_MASTER_READY
A00942,world/roads/wooden_footbridge.png,world,roads,PRODUCTION_SINGLE,water_riverbank_crossings,,,,BRAMBLE_49_53.zip,BRAMBLE_49_53/50_water_riverbank_crossings/wooden_footbridge.png,e2e1c3a14e21a106e89e34f009962bfe2629bbd10f7c2f626ce8287850bf5196,copied,,VISUAL_MASTER_READY
A00943,world/terrain/materials/ash_repeat_256.png,world,terrain,PRODUCTION_SINGLE,ground_materials,,,,BRAMBLE_38_43.zip,BRAMBLE_38_43/38_ground_materials/ash_repeat_256.png,f7f2a4bee29097e43223ceb2880b8a704b94ee70776aa1fccc6eb0b350979b02,copied,,VISUAL_MASTER_READY
A00944,world/terrain/materials/cobble_repeat_256.png,world,terrain,PRODUCTION_SINGLE,ground_materials,,,,BRAMBLE_38_43.zip,BRAMBLE_38_43/38_ground_materials/cobble_repeat_256.png,46f11b39e08e4e572c13566800355676e21150f10ced01fdce80e0809a0ffa24,copied,,VISUAL_MASTER_READY
A00945,world/terrain/materials/dirt_repeat_256.png,world,terrain,PRODUCTION_SINGLE,ground_materials,,,,BRAMBLE_38_43.zip,BRAMBLE_38_43/38_ground_materials/dirt_repeat_256.png,81a48241267a2de5f0057a108fdeafa375b35cb3b885b9d94a3168b4bd07f711,copied,,VISUAL_MASTER_READY
A00946,world/terrain/materials/grass_repeat_256.png,world,terrain,PRODUCTION_SINGLE,ground_materials,,,,BRAMBLE_38_43.zip,BRAMBLE_38_43/38_ground_materials/grass_repeat_256.png,544ec6c63ef35498e51145a1bef5b622999c4d2f06110678276ab37f37458ab2,copied,,VISUAL_MASTER_READY
A00947,world/terrain/materials/water_repeat_256.png,world,terrain,PRODUCTION_SINGLE,ground_materials,,,,BRAMBLE_38_43.zip,BRAMBLE_38_43/38_ground_materials/water_repeat_256.png,a05e68e4d0ad0aeb53bca89413202a46462cd8957bc26a256793bded33e6be54,copied,,VISUAL_MASTER_READY
A00948,world/terrain/overlays/overlay_ash_cinders_256.png,world,terrain,PRODUCTION_SINGLE,ground_materials,,,,BRAMBLE_38_43.zip,BRAMBLE_38_43/38_ground_materials/overlay_ash_cinders_256.png,0827aa5bb30cecb5f1f464ee7a84436aa4b2d223b9c4f409bb5e6d437946db55,copied,,VISUAL_MASTER_ADJUST
A00949,world/terrain/overlays/overlay_fallen_leaves_256.png,world,terrain,PRODUCTION_SINGLE,ground_materials,,,,BRAMBLE_38_43.zip,BRAMBLE_38_43/38_ground_materials/overlay_fallen_leaves_256.png,d063d9e15b22b751cd6fea110f0fdf7c34594cd54ba828ba910857f4f18c7b6b,copied,,VISUAL_MASTER_ADJUST
A00950,world/terrain/overlays/overlay_grass_clumps_256.png,world,terrain,PRODUCTION_SINGLE,ground_materials,,,,BRAMBLE_38_43.zip,BRAMBLE_38_43/38_ground_materials/overlay_grass_clumps_256.png,d7769884bd4a319b51eef643a51b1666044bd7171bc7baa85b7c3aa7050e2695,copied,,VISUAL_MASTER_ADJUST
A00951,world/terrain/overlays/overlay_water_glints_256.png,world,terrain,PRODUCTION_SINGLE,ground_materials,,,,BRAMBLE_38_43.zip,BRAMBLE_38_43/38_ground_materials/overlay_water_glints_256.png,8f842e13650e6dc6f642846e043cce8d577749304e18f866fc5935f1b45f15e5,copied,,VISUAL_MASTER_ADJUST
A00952,world/terrain/seamless/cobble.png,world,terrain,PRODUCTION_SINGLE,roads_riverbank,,,,BRAMBLE_30_35.zip,BRAMBLE_30_35/30_roads_riverbank/seamless_terrain/cobble.png,4f55e593c91eff989cb085ddcfaf0d0ca9fb6cf50669bad4f10fe331a722f141,copied,,VISUAL_MASTER_READY
A00953,world/terrain/seamless/earth.png,world,terrain,PRODUCTION_SINGLE,roads_riverbank,,,,BRAMBLE_30_35.zip,BRAMBLE_30_35/30_roads_riverbank/seamless_terrain/earth.png,82cc1fbfbfbe5a072649bdf100d6c5217a568498954ef6c63f300c6962ddb546,copied,,VISUAL_MASTER_READY
A00954,world/terrain/seamless/meadow.png,world,terrain,PRODUCTION_SINGLE,roads_riverbank,,,,BRAMBLE_30_35.zip,BRAMBLE_30_35/30_roads_riverbank/seamless_terrain/meadow.png,0760db03247ff9857835d43dbc232f097497c39e3bef238eb692bdecc04f0119,copied,,VISUAL_MASTER_READY
A00955,world/terrain/seamless/river.png,world,terrain,PRODUCTION_SINGLE,roads_riverbank,,,,BRAMBLE_30_35.zip,BRAMBLE_30_35/30_roads_riverbank/seamless_terrain/river.png,b83fcfe96afa193451e717a39d81d1a69ea630c118b84aff294bbbcf168023be,copied,,VISUAL_MASTER_READY
A00956,world/water/dark_waterfall.png,world,water,PRODUCTION_SINGLE,biome,,,,BRAMBLE_36_37.zip,BRAMBLE_36_37/37_nightfall_biome/dark_waterfall.png,39d6432bde15645b21145f32620d763d9ddc4b4900fc0c8932e2048f833d0b77,copied,,VISUAL_MASTER_READY
A00957,world/water/footbridge.png,world,water,PRODUCTION_SINGLE,buildings,,,,BRAMBLE_38_43.zip,BRAMBLE_38_43/39_village_buildings/footbridge.png,0ae2203bced427fa2f8d75785ed6f164ac5ac8e74b9c16f11f54ad901e428f12,copied,,VISUAL_MASTER_READY
A00958,world/water/waterfall.png,world,water,PRODUCTION_SINGLE,raised_village,,,,BRAMBLE_36_37.zip,BRAMBLE_36_37/36_raised_village/waterfall.png,fac518ef5b70e449bf0c5e9a98d1d5af0e555417ce4f34dbb22f066d65e59978,copied,,VISUAL_MASTER_READY
A00959,world\elevation/kit44_cliff_inner_corner.png,world,elevation,PRODUCTION_SINGLE,cliff_modules,,,,BRAMBLE_44_48.zip,BRAMBLE_44_48/44_autumn_cliff_modules/cliff_inner_corner.png,e8ba7e6c8a33ba1952aaa2ad8dac8ae34e9d6f36b3896d31dedf8980af6d59c0,copied,path collision resolved with kit prefix,VISUAL_MASTER_ADJUST
A00960,world\elevation/kit44_cliff_outer_corner.png,world,elevation,PRODUCTION_SINGLE,cliff_modules,,,,BRAMBLE_44_48.zip,BRAMBLE_44_48/44_autumn_cliff_modules/cliff_outer_corner.png,72b8c18ca869b0b0440bc9ac4f835ed168f7832d4926bdaeab1ccf9f85b66c0e,copied,path collision resolved with kit prefix,VISUAL_MASTER_ADJUST
A00961,world\elevation/kit49_cliff_inner_corner.png,world,elevation,PRODUCTION_SINGLE,elevation_connectors,,,,BRAMBLE_49_53.zip,BRAMBLE_49_53/49_elevation_connectors/cliff_inner_corner.png,db688b536cde5be564da9d2402f3252a3f9137c2b486eec081dc416f64732af4,copied,path collision resolved with kit prefix,VISUAL_MASTER_ADJUST
A00962,world\elevation/kit49_cliff_outer_corner.png,world,elevation,PRODUCTION_SINGLE,elevation_connectors,,,,BRAMBLE_49_53.zip,BRAMBLE_49_53/49_elevation_connectors/cliff_outer_corner.png,b34f54a35a7e1b5342ad72c0a3122c238b8d43fdf1c5166da35bca8f6af65139,copied,path collision resolved with kit prefix,VISUAL_MASTER_ADJUST
